sku,product.type,name,short_description,description,Brand,status,visibility,weight,stock.qty,stock.is_in_stock,url_key,condition,protein_source,price,,price_view,tax_class_id,product.attribute_set,size_dogfood_2x5kg_7kg_13kg,cpsp_enable,cpsp_expand_prices,cpsp_show_lowest,meta_title,meta_description,ingredients,,,
Sciencedietfelinelight,configurable,Hill's Science Diet Adult Feline Light,Hill's Science Diet Adult Light cat food provides precisely balanced nutrition to help achieve ideal weight. Science DIet Adult Light provides fewer calories than the Hill's  Original formula's and contains L-carnitine to help your cat turn fat into energy. It also has a high fibre content to keep her satisfied between meals keeping your feline friend happy and healthy. ,"Recommended For:Adult cats (1 - 6 years of age) that require fewer calories (i.e., cats that are less active, neutered or otherwise prone to excess weight gain).",Science Diet,Enabled,"Catalog, Search",,100,In Stock,hills-science-diet-feline-adult light,Weight Control,Chicken,29.95,,As low as,Taxable Goods,size_dogfood_2x5kg_7kg_13kg,,Yes,Yes,Yes,Hill's Science Diet Adult Feline Light,Hill's Science Diet Adult Light cat food provides precisely balanced nutrition to help achieve ideal weight. Buy Now from Net To Pet.,"Brewers Rice, Corn Gluten Meal, Chicken By-Product Meal, Whole Grain Corn, Oat Fiber, Chicken Liver Flavor, Soybean Mill Run, Animal Fat (preserved with Mixed Tocopherols and Citric Acid), Powdered Cellulose , Lactic Acid, Dried Beet Pulp, Potassium Chloride, Calcium Sulfate, Soybean Oil, Choline Chloride, Taurine, Iodized Salt, Vitamin E Supplement, vitamins (L-Ascorbyl-2-Polyphosphate (source of vitamin C), Vitamin E Supplement, Niacin, Thiamine Mononitrate, Vitamin A Supplement, Calcium Pantothenate, Riboflavin, Biotin, Vitamin B12 Supplement, Pyridoxine Hydrochloride, Folic Acid, Vitamin D3 Supplement), Fish Oil, minerals (Ferrous Sulfate, Zinc Oxide, Copper Sulfate, Manganous Oxide, Calcium Iodate, Sodium Selenite), L-Carnitine, preserved with Mixed Tocopherols and Citric Acid, Phosphoric Acid, Beta-Carotene, Rosemary Extract.",,,
CPS0265,simple,Hill's Science Diet Feline Light 2kg ,Hill's Science Diet Adult Light cat food provides precisely balanced nutrition to help achieve ideal weight. Science DIet Adult Light provides fewer calories than the Hill's  Original formula's and contains L-carnitine to help your cat turn fat into energy. It also has a high fibre content to keep her satisfied between meals keeping your feline friend happy and healthy. ,"Recommended For:Adult cats (1 - 6 years of age) that require fewer calories (i.e., cats that are less active, neutered or otherwise prone to excess weight gain).",Science Diet,Enabled,Not Visible Individually,2,100,In Stock,,,,29.95,,As low as,Taxable Goods,size_dogfood_2x5kg_7kg_13kg,2kg,,,,,,,,,
CPS0285,simple,Hill's Science Diet Feline Light 3.5kg,Hill's Science Diet Adult Light cat food provides precisely balanced nutrition to help achieve ideal weight. Science DIet Adult Light provides fewer calories than the Hill's  Original formula's and contains L-carnitine to help your cat turn fat into energy. It also has a high fibre content to keep her satisfied between meals keeping your feline friend happy and healthy. ,"Recommended For:Adult cats (1 - 6 years of age) that require fewer calories (i.e., cats that are less active, neutered or otherwise prone to excess weight gain).",Science Diet,Enabled,Not Visible Individually,3.5,100,In Stock,,,,42.5,,As low as,Taxable Goods,size_dogfood_2x5kg_7kg_13kg,3.5kg,,,,,,,,,
sciencedietfelineperfectweight,configurable,Hill's Science Diet Feline Perfect Weight,Hill's Science Diet Adult Perfect Weight dry cat food provides breakthrough nutrition formulated to help your cat achieve a healthy weight and improve quality of life. Science Diet Healthy weight adds to quality of life and life expectancy and is ideal for multi-cat households with cats of different breeds & weights. Perfect Weight provides 100% precisely balanced nutrition keeping your cat happy and healthy.,"Recommended For Adult cats that require fewer calories (i.e., cats that are less active, neutered or otherwise prone to excess weight gain).",Science Diet,Enabled,"Catalog, Search",,100,In Stock,hills-science-diet-feline-perfect-weight,Weight Control,,23.5,,As low as,Taxable Goods,size_dogfood_2x5kg_7kg_13kg,,Yes,Yes,Yes,Hill's Science Diet Adult Perfect Weight,Hill's Science Diet Adult Perfect Weight dry cat food provides breakthrough nutrition. Buy Now from Net To Pet.,"Chicken, Brewers Rice, Corn Gluten Meal, Wheat Gluten, Powdered Cellulose, Chicken Meal, Tomato Pomace, Dried Beet Pulp, Flaxseed, Chicken Fat, Chicken Liver Flavor, Coconut Oil, Lactic Acid, Calcium Sulfate, L-Lysine, Potassium Chloride, Choline Chloride, Dried Carrots, DL-Methionine, Taurine, vitamins (Vitamin E Supplement, L-Ascorbyl-2-Polyphosphate (source of vitamin C), Niacin Supplement, Thiamine Mononitrate, Vitamin A Supplement, Calcium Pantothenate, Riboflavin Supplement, Biotin, Vitamin B12 Supplement, Pyridoxine Hydrochloride, Folic Acid, Vitamin D3 Supplement), minerals (Manganese Sulfate, Ferrous Sulfate, Zinc Oxide, Copper Sulfate, Calcium Iodate, Sodium Selenite), Iodized Salt, Dicalcium Phosphate, L-Carnitine, Oat Fiber, Mixed Tocopherols for freshness, Beta-Carotene, Natural Flavors, Apples, Broccoli, Cranberries, Green Peas.",,,
CPS0290,simple,Hill's Science Diet Feline Perfect Weight 1.3kg,Hill's Science Diet Adult Perfect Weight dry cat food provides breakthrough nutrition formulated to help your cat achieve a healthy weight and improve quality of life. Science Diet Healthy weight adds to quality of life and life expectancy and is ideal for multi-cat households with cats of different breeds & weights. Perfect Weight provides 100% precisely balanced nutrition keeping your cat happy and healthy.,"Recommended For Adult cats that require fewer calories (i.e., cats that are less active, neutered or otherwise prone to excess weight gain).",Science Diet,Enabled,Not Visible Individually,1.3,100,In Stock,,,,23.5,,As low as,Taxable Goods,size_dogfood_2x5kg_7kg_13kg,1.3kg,,,,,,,,,
CPS0295,simple,Hill's Science Diet Feline Perfect Weight 3.17kg,Hill's Science Diet Adult Perfect Weight dry cat food provides breakthrough nutrition formulated to help your cat achieve a healthy weight and improve quality of life. Science Diet Healthy weight adds to quality of life and life expectancy and is ideal for multi-cat households with cats of different breeds & weights. Perfect Weight provides 100% precisely balanced nutrition keeping your cat happy and healthy.,"Recommended For Adult cats that require fewer calories (i.e., cats that are less active, neutered or otherwise prone to excess weight gain).",Science Diet,Enabled,Not Visible Individually,3.17,100,In Stock,,,,40.95,,As low as,Taxable Goods,size_dogfood_2x5kg_7kg_13kg,3.17kg,,,,,,,,,
CPS0300,simple,Hill's Science Diet Feline Hairball Light 1.6kg,"Hill's Science Diet Adult Hairball Control Light cat food provides precisely balanced nutrition to help avoid hairball formation for cats who need a lighter, healthier lifestyle. Science Diet Hairball Control Light contains L-carnitine helps burn fat. Real chicken #1 with natural ingredients and no chicken by-product meal. ",Recommended For Adult cats 1 -6 years of age that are prone to hairballs and weight gain.,Science Diet,Enabled,"Catalog, Search",1.6,100,In Stock,hills-science-diet-feline-hairball-light,,,28.75,,As low as,Taxable Goods,size_dogfood_2x5kg_7kg_13kg,1.6kg,,,,Hill's Science Diet Feline Hairball Light,"Hill's Science Diet Adult Hairball Control Light cat food provides precisely balanced nutrition to help avoid hairball formation for cats who need a lighter, healthier lifestyle. Buy Now from Net To Pet.","Chicken, Brewers Rice, Corn Gluten Meal, Wheat Gluten, Powdered Cellulose, Whole Grain Wheat, Chicken Liver Flavor, Soybean Oil, Dried Beet Pulp, Calcium Sulfate, Lactic Acid, Potassium Chloride, Pork Fat, Fish Oil, Choline Chloride, Iodized Salt, Taurine, vitamins (Vitamin E Supplement, L-Ascorbyl-2-Polyphosphate (source of vitamin C), Niacin Supplement, Thiamine Mononitrate, Vitamin A Supplement, Calcium Pantothenate, Riboflavin Supplement, Biotin, Vitamin B12 Supplement, Pyridoxine Hydrochloride, Folic Acid, Vitamin D3 Supplement), minerals (Ferrous Sulfate, Zinc Oxide, Copper Sulfate, Manganous Oxide, Calcium Iodate, Sodium Selenite), L-Carnitine, Oat Fiber, Mixed Tocopherols for freshness, Beta-Carotene, Phosphoric Acid, Natural Flavors, Dried Apples, Dried Broccoli, Dried Carrots, Dried Cranberries, Dried Peas.",,,
sciencedietfelineoralcare,configurable,Hill's Science Diet Feline Adult Oral Care,"Hill's Science Diet Adult Hairball Control Light cat food provides precisely balanced nutrition to help avoid hairball formation for cats who need a lighter, healthier lifestyle. Science Diet Hairball Control Light contains L-carnitine helps burn fat. Real chicken #1 with natural ingredients and no chicken by-product meal. ",Recommended For Adult cats 1 -6 years of age that are prone to hairballs and weight gain.,Science Diet,Enabled,"Catalog, Search",,100,In Stock,hills-science-diet-adult-oral-care,Dental,Chicken,31.5,,As low as,Taxable Goods,size_dogfood_2x5kg_7kg_13kg,,Yes,Yes,Yes,Hill's Science Diet Feline Oral Care,Hill's Science Diet Adult Hairball Control Light cat food provides precisely balanced nutrition to help avoid hairball formation for cats. Buy Now from Net To Pet ,"Chicken By-Product Meal, Brewers Rice, Corn Gluten Meal, Pork Fat, Powdered Cellulose, Whole Grain Corn, Lactic Acid, Chicken Liver Flavor, Soybean Oil, Potassium Chloride, Choline Chloride, Calcium Carbonate, DL-Methionine, Iodized Salt, vitamins (Vitamin E Supplement, L-Ascorbyl-2-Polyphosphate (source of vitamin C), Niacin Supplement, Thiamine Mononitrate, Vitamin A Supplement, Calcium Pantothenate, Riboflavin Supplement, Biotin, Vitamin B12 Supplement, Pyridoxine Hydrochloride, Folic Acid, Vitamin D3 Supplement), Taurine, Calcium Sulfate, minerals (Ferrous Sulfate, Zinc Oxide, Copper Sulfate, Manganous Oxide, Calcium Iodate, Sodium Selenite), Mixed Tocopherols for freshness, Beta Carotene, Natural Flavors.",,,
CPS0320,simple,Hill's Science Diet Feline Adult Oral Care 2kg,"Hill's Science Diet Adult Hairball Control Light cat food provides precisely balanced nutrition to help avoid hairball formation for cats who need a lighter, healthier lifestyle. Science Diet Hairball Control Light contains L-carnitine helps burn fat. Real chicken #1 with natural ingredients and no chicken by-product meal. ",Recommended For Adult cats 1 -6 years of age that are prone to hairballs and weight gain.,Science Diet,Enabled,Not Visible Individually,2,100,In Stock,,,,31.5,,As low as,Taxable Goods,size_dogfood_2x5kg_7kg_13kg,2kg,,,,,,,,,
CPS0335,simple,Hill's Science Diet Feline Adult Oral Care 4kg,"Hill's Science Diet Adult Hairball Control Light cat food provides precisely balanced nutrition to help avoid hairball formation for cats who need a lighter, healthier lifestyle. Science Diet Hairball Control Light contains L-carnitine helps burn fat. Real chicken #1 with natural ingredients and no chicken by-product meal. ",Recommended For Adult cats 1 -6 years of age that are prone to hairballs and weight gain.,Science Diet,Enabled,Not Visible Individually,4,100,In Stock,,,,46.95,,As low as,Taxable Goods,size_dogfood_2x5kg_7kg_13kg,4kg,,,,,,,,,
sciencedietfelinesensskin,configurable,Hill's Science Diet Feline Adult Sensitive Skin,"Hill's Science Diet Adult Sensitive Stomach & Skin dry cat food provides precisely balanced nutrition for sensitive digestive systems and to improve skin and coat health. Feline Sesitive Stomach & Skin is 100% complete nutrition & gentle digestion. Formulated for optimal digestion, plus gentle on the stomach with 100% complete nutrition for everyday feeding. Multivitamins C + E support strong immune defenses.",Recommended For Adult cats with sensitive stomachs and/or skin,Science Diet,Enabled,"Catalog, Search",,100,In Stock,hills-science-diet-feline-adult-sensitive-skin,Sensitive Skin,Chicken,25.5,,As low as,Taxable Goods,size_dogfood_2x5kg_7kg_13kg,,Yes,Yes,Yes,Hill's Science Diet Feline Adult Sensitive Skin,Hill's Science Diet Adult Sensitive Stomach & Skin dry cat food provides precisely balanced nutrition for sensitive digestive systems and to improve skin and coat health. ,"Brewers Rice, Corn Gluten Meal, Pork Fat, Pork Meal, Dried Egg Product, Whole Grain Corn, Chicken Liver Flavor, Lactic Acid, Oat Fiber, Potassium Chloride, L-Lysine, Choline Chloride, DL-Methionine, Calcium Carbonate, Taurine, vitamins (Vitamin E Supplement, L-Ascorbyl-2-Polyphosphate (source of vitamin C), Niacin Supplement, Thiamine Mononitrate, Vitamin A Supplement, Calcium Pantothenate, Riboflavin Supplement, Biotin, Vitamin B12 Supplement, Pyridoxine Hydrochloride, Folic Acid, Vitamin D3 Supplement), Iodized Salt, minerals (Ferrous Sulfate, Zinc Oxide, Copper Sulfate, Manganous Oxide, Calcium Iodate, Sodium Selenite), L-Tryptophan, Mixed Tocopherols for freshness, Phosphoric Acid, Beta Carotene, Natural Flavors.",,,
CPS0380,simple,Hill's Science Diet Feline Adult Sensitive Skin 1.6kg,"Hill's Science Diet Adult Sensitive Stomach & Skin dry cat food provides precisely balanced nutrition for sensitive digestive systems and to improve skin and coat health. Feline Sesitive Stomach & Skin is 100% complete nutrition & gentle digestion. Formulated for optimal digestion, plus gentle on the stomach with 100% complete nutrition for everyday feeding. Multivitamins C + E support strong immune defenses.",Recommended For Adult cats with sensitive stomachs and/or skin,Science Diet,Enabled,Not Visible Individually,1.6,100,In Stock,,,,25.5,,As low as,Taxable Goods,size_dogfood_2x5kg_7kg_13kg,1.6kg,,,,,,,,,
CPS0385,simple,Hill's Science Diet Feline Adult Sensitive Skin 3.1kg,"Hill's Science Diet Adult Sensitive Stomach & Skin dry cat food provides precisely balanced nutrition for sensitive digestive systems and to improve skin and coat health. Feline Sesitive Stomach & Skin is 100% complete nutrition & gentle digestion. Formulated for optimal digestion, plus gentle on the stomach with 100% complete nutrition for everyday feeding. Multivitamins C + E support strong immune defenses.",Recommended For Adult cats with sensitive stomachs and/or skin,Science Diet,Enabled,Not Visible Individually,3.1,100,In Stock,,,,40.65,,As low as,Taxable Goods,size_dogfood_2x5kg_7kg_13kg,3.1kg,,,,,,,,,
sciencedietfelinemature,configurable,Hill's Science Diet Feline Mature,Hill's Science Diet Feline Mature  cat food provides precisely balanced nutrition to promote kidney health and support vital organs. It also contains controlled levels of sodium & phosphorus for long-term heart & vital organ health.,"Science Diet Feline Mature is Recommended For:Mature cats age 7 and older.",Science Diet,Enabled,"Catalog, Search",,101,In Stock,hills-science-diet-feline-mature,Senior/Mature,Chicken,23.5,,As low as,Taxable Goods,size_dogfood_2x5kg_7kg_13kg,,Yes,Yes,Yes,Hill's Science Diet Feline Mature,Hill's Science Diet Feline Mature  cat food provides precisely balanced nutrition to promote kidney health and support vital organs. Buy now from Net To Pet.,"Chicken By-Product Meal, Corn Gluten Meal, Brewers Rice, Whole Grain Corn, Animal Fat (preserved with mixed tocopherols and citric acid), Soybean Mill Run, L-Lysine, Lactic Acid, Chicken Liver Flavor, Potassium Chloride, Choline Chloride, Vitamin E Supplement, Calcium Sulfate, vitamins (L-Ascorbyl-2-Polyphosphate (source of vitamin C), Vitamin E Supplement, Niacin, Thiamine Mononitrate, Vitamin A Supplement, Calcium Pantothenate, Riboflavin, Biotin, Vitamin B12 Supplement, Pyridoxine Hydrochloride, Folic Acid, Vitamin D3 Supplement), Taurine, Natural Flavor, Calcium Carbonate, Iodized Salt, Fish Oil, minerals (Ferrous Sulfate, Zinc Oxide, Copper Sulfate, Manganous Oxide, Calcium Iodate, Sodium Selenite), L-Canitine, preserved with Mixed Tocopherols and Citric Acid, Phosphoric Acid, Beta-Carotene, Rosemary Extract.",,,
CPS0400,simple,Hill's Science Diet Feline Mature 1.5kg,Hill's Science Diet Feline Mature  cat food provides precisely balanced nutrition to promote kidney health and support vital organs. It also contains controlled levels of sodium & phosphorus for long-term heart & vital organ health.,"Science Diet Feline Mature is Recommended For:Mature cats age 7 and older.",Science Diet,Enabled,Not Visible Individually,1.5,101,In Stock,,,,23.5,,As low as,Taxable Goods,size_dogfood_2x5kg_7kg_13kg,1.5kg,,,,Hill's Science Diet Feline Mature,Hill's Science Diet Feline Mature  cat food provides precisely balanced nutrition to promote kidney health and support vital organs. Buy now from Net To Pet.,,,,
CPS0420,simple,Hill's Science Diet Feline Mature 3kg,Hill's Science Diet Feline Mature  cat food provides precisely balanced nutrition to promote kidney health and support vital organs. It also contains controlled levels of sodium & phosphorus for long-term heart & vital organ health.,"Science Diet Feline Mature is Recommended For:Mature cats age 7 and older.",Science Diet,Enabled,Not Visible Individually,3,101,In Stock,,,,31.5,,As low as,Taxable Goods,size_dogfood_2x5kg_7kg_13kg,3kg,,,,Hill's Science Diet Feline Mature,Hill's Science Diet Feline Mature  cat food provides precisely balanced nutrition to promote kidney health and support vital organs. Buy now from Net To Pet.,,,,
CPS0440,simple,Hill's Science Diet Feline Mature 6kg,Hill's Science Diet Feline Mature  cat food provides precisely balanced nutrition to promote kidney health and support vital organs. It also contains controlled levels of sodium & phosphorus for long-term heart & vital organ health.,"Science Diet Feline Mature is Recommended For:Mature cats age 7 and older.",Science Diet,Enabled,Not Visible Individually,6,101,In Stock,,,,66.95,,As low as,Taxable Goods,size_dogfood_2x5kg_7kg_13kg,6kg,,,,Hill's Science Diet Feline Mature,Hill's Science Diet Feline Mature  cat food provides precisely balanced nutrition to promote kidney health and support vital organs. Buy now from Net To Pet.,,,,
sciencedietfelineagedefying,configurable,Hill's Science Feline Age Defying 11+,"Hill's Science Diet Senior 11+ Age Defying cat food provides precisely balanced, easy-to-digest nutrition to fight four important signs of aging. Science Diet Age Defying defends the body and brain against ageing nutrition to improve skin & coat and supports long-term heart & vital organ health. Age Defying contains real chicken #1 with natural ingredients and no chicken by-product meal","Recommended For:Senior cats ages 11 and older.",Science Diet,Enabled,"Catalog, Search",,101,In Stock,hills-science-diet-feline-age-defying,Senior/Mature,Chicken,25.1,,As low as,Taxable Goods,size_dogfood_2x5kg_7kg_13kg,,Yes,Yes,Yes,Hill's Science Feline Age Defying 11+,"Hill's Science Diet Senior 11+ Age Defying cat food provides precisely balanced, easy-to-digest nutrition to fight four important signs of aging.","Chicken, Whole Grain Wheat, Corn Gluten Meal, Brewers Rice, Pork Fat, Egg Product, Dried Beet Pulp, Chicken Liver Flavor, Flaxseed, Wheat Gluten, Lactic Acid, Fish Oil, Calcium Sulfate, Potassium Chloride, Soybean Oil, Choline Chloride, Calcium Carbonate, Taurine, vitamins (Vitamin E Supplement, L-Ascorbyl-2-Polyphosphate (source of Vitamin C), Niacin Supplement, Thiamine Mononitrate, Vitamin A Supplement, Calcium Pantothenate, Riboflavin Supplement, Biotin, Vitamin B12 Supplement, Pyridoxine Hydrochloride, Folic Acid, Vitamin D3 Supplement), minerals (Ferrous Sulfate, Zinc Oxide, Copper Sulfate, Manganous Oxide, Calcium Iodate, Sodium Selenite), L-Carnitine, Iodized Salt, Oat Fiber, Mixed Tocopherols for freshness, Natural Flavors, Beta-Carotene, Apples, Broccoli, Carrots, Cranberries, Green Peas",,,
CPS0450,simple,Hill's Science Feline Age Defying 11+ 1.58kg,"Hill's Science Diet Senior 11+ Age Defying cat food provides precisely balanced, easy-to-digest nutrition to fight four important signs of aging. Science Diet Age Defying defends the body and brain against ageing nutrition to improve skin & coat and supports long-term heart & vital organ health. Age Defying contains real chicken #1 with natural ingredients and no chicken by-product meal","Recommended For:Senior cats ages 11 and older.",Science Diet,Enabled,Not Visible Individually,1.58,101,In Stock,,,,25.1,,As low as,Taxable Goods,size_dogfood_2x5kg_7kg_13kg,1.58kg,,,,Hill's Science Feline Age Defying 11+,"Hill's Science Diet Senior 11+ Age Defying cat food provides precisely balanced, easy-to-digest nutrition to fight four important signs of aging.",,,,
CPS0452,simple,Hill's Science Feline Age Defying 11+ 3.17kg,"Hill's Science Diet Senior 11+ Age Defying cat food provides precisely balanced, easy-to-digest nutrition to fight four important signs of aging. Science Diet Age Defying defends the body and brain against ageing nutrition to improve skin & coat and supports long-term heart & vital organ health. Age Defying contains real chicken #1 with natural ingredients and no chicken by-product meal","Recommended For:Senior cats ages 11 and older.",Science Diet,Enabled,Not Visible Individually,3.17,101,In Stock,,,,41.5,,As low as,Taxable Goods,size_dogfood_2x5kg_7kg_13kg,3.17kg,,,,Hill's Science Feline Age Defying 11+,"Hill's Science Diet Senior 11+ Age Defying cat food provides precisely balanced, easy-to-digest nutrition to fight four important signs of aging.",,,,
CPS0454,simple,Hill's Science Feline Age Defying 11+ 7.03kg,"Hill's Science Diet Senior 11+ Age Defying cat food provides precisely balanced, easy-to-digest nutrition to fight four important signs of aging. Science Diet Age Defying defends the body and brain against ageing nutrition to improve skin & coat and supports long-term heart & vital organ health. Age Defying contains real chicken #1 with natural ingredients and no chicken by-product meal","Recommended For:Senior cats ages 11 and older.",Science Diet,Enabled,Not Visible Individually,7.03,101,In Stock,,,,80.95,,As low as,Taxable Goods,size_dogfood_2x5kg_7kg_13kg,7.03kg,,,,Hill's Science Feline Age Defying 11+,"Hill's Science Diet Senior 11+ Age Defying cat food provides precisely balanced, easy-to-digest nutrition to fight four important signs of aging.",,,,
sciencedietmaturehairball,configurable,Hill's Science Diet Feline Mature Hairball,"Hill's Science Diet Mature Adult Hairball Control cat food provides precisely balanced nutrition to help avoid the formation of hairballs in just 30 days. Science Diet Mature Hairball is made with a natural fibre technology to help reduce hairballs comfortably and has controlled levels of sodium and phosphorus for long-term vital organ health. It also has Omega-3 fatty acids that nourish your cat's skin and coat.","Recommended For:Adult cats age 7 or older that are prone to hairballs.",Science Diet,Enabled,"Catalog, Search",,102,In Stock,hills-science-diet-mature-hairball,Hairball Control,Chicken,31.5,,As low as,Taxable Goods,size_dogfood_2x5kg_7kg_13kg,,Yes,Yes,Yes,Hill's Science Diet Feline Mature Hairball,Hill's Science Diet Mature Adult Hairball Control cat food provides precisely balanced nutrition to help avoid the formation of hairballs ,"Chicken, Whole Grain Wheat, Corn Gluten Meal, Pork Fat, Powdered Cellulose, Wheat Gluten, Brewers Rice, Chicken Liver Flavor, Dried Beet Pulp, Lactic Acid, Calcium Sulfate, Potassium Chloride, Fish Oil, Choline Chloride, Calcium Carbonate, Taurine, vitamins (Vitamin E Supplement, L-Ascorbyl-2-Polyphosphate (source of vitamin C), Niacin Supplement, Thiamine Mononitrate, Vitamin A Supplement, Calcium Pantothenate, Riboflavin Supplement, Biotin, Vitamin B12 Supplement, Pyridoxine Hydrochloride, Folic Acid, Vitamin D3 Supplement), Iodized Salt, L-Lysine, minerals (Ferrous Sulfate, Zinc Oxide, Copper Sulfate, Manganous Oxide, Calcium Iodate, Sodium Selenite), L-Carnitine, Oat Fiber, Mixed Tocopherols for retain freshness, Phosphoric Acid, Beta-Carotene, Natural Flavors, Dried Apples, Dried Broccoli, Dried Carrots, Dried Cranberries, Dried Peas.",,,
CPS0460,simple,Hill's Science Diet Feline Mature Hairball 2kg,"Hill's Science Diet Mature Adult Hairball Control cat food provides precisely balanced nutrition to help avoid the formation of hairballs in just 30 days. Science Diet Mature Hairball is made with a natural fibre technology to help reduce hairballs comfortably and has controlled levels of sodium and phosphorus for long-term vital organ health. It also has Omega-3 fatty acids that nourish your cat's skin and coat.","Recommended For:Adult cats age 7 or older that are prone to hairballs.",Science Diet,Enabled,Not Visible Individually,2,103,In Stock,,,,31.5,,As low as,Taxable Goods,size_dogfood_2x5kg_7kg_13kg,2kg,,,,,,,,,
CPS0475,simple,Hill's Science Diet Feline Mature Hairball 4kg,"Hill's Science Diet Mature Adult Hairball Control cat food provides precisely balanced nutrition to help avoid the formation of hairballs in just 30 days. Science Diet Mature Hairball is made with a natural fibre technology to help reduce hairballs comfortably and has controlled levels of sodium and phosphorus for long-term vital organ health. It also has Omega-3 fatty acids that nourish your cat's skin and coat.","Recommended For:Adult cats age 7 or older that are prone to hairballs.",Science Diet,Enabled,Not Visible Individually,4,104,In Stock,,,,46.9,,As low as,Taxable Goods,size_dogfood_2x5kg_7kg_13kg,4kg,,,,,,,,,
proplanpuppylarge,configurable,Pro Plan Puppy Large Breed,"Pro Plan Large Breed Puppy with Optistart is a complete and balanced dry puppy food for large breed puppies. Your large breed puppy is full of fun and energy, and has their own nutritional needs so give them a food that is specially formulated just for them. Pro Plan Large Breed Puppy contains colostrum proven to help strengthen a puppy’s natural defences to combat daily challenges.Formulated with all of the essential key nutrients that large puppies need including colostrum, which helps protect your puppy from common intestinal upsets and combination of key nutrients that help to support healthy joints for your puppy’s active lifestyle. The nutrients in this dry dog food have been specifically adjusted for his size and age.This dry puppy food is also suitable for gestating or lactating bitches.PRO PLAN Large Puppy with OPTISTART has been specially developed by our vets and nutritionists to help your puppy maintain their overall health.", A complete and balanced dry puppy food for large breed puppies,Pro Plan,Enabled,"Catalog, Search",,105,In Stock,pro-plan-puppy-large-breed,Puppy,Chicken,54.95,,As low as,Taxable Goods,size_dogfood_2x5kg_7kg_13kg,,Yes,Yes,Yes,Pro Plan Puppy Large Breed,Pro Plan Large Breed Puppy with Optistart is a complete and balanced dry puppy food for large breed puppies. Buy now from Net To Pet.,"Chicken (dehydrated chicken-natural glucosamine source, chicken); oats and barley; whole grain wheat; wheat protein; animal fat preserved with mixed-tocopherols (form of vitamin E); bran; soybean protein; minerals, vitamins, amino acids, organic acids and natural flavours (including calcium, phosphorous, sodium, chloride, potassium, magnesium, manganese, copper, zinc, iron, iodine, selenium, vitamin A, vitamin B1, vitamin B2, vitamin B3, folic acid, vitamin B5, vitamin B6, vitamin B12, vitamin C, vitamin D, vitamin E, choline, carnitine); brewers rice; beet pulp; fish and/or vegetable oils; colostrum; natural antioxidants.",,,
DPP0218,simple,Pro Plan Puppy Large Breed 7kg,"Pro Plan Large Breed Puppy with Optistart is a complete and balanced dry puppy food for large breed puppies. Your large breed puppy is full of fun and energy, and has their own nutritional needs so give them a food that is specially formulated just for them. Pro Plan Large Breed Puppy contains colostrum proven to help strengthen a puppy’s natural defences to combat daily challenges.Formulated with all of the essential key nutrients that large puppies need including colostrum, which helps protect your puppy from common intestinal upsets and combination of key nutrients that help to support healthy joints for your puppy’s active lifestyle. The nutrients in this dry dog food have been specifically adjusted for his size and age.This dry puppy food is also suitable for gestating or lactating bitches.PRO PLAN Large Puppy with OPTISTART has been specially developed by our vets and nutritionists to help your puppy maintain their overall health.", A complete and balanced dry puppy food for large breed puppies,Pro Plan,Enabled,Not Visible Individually,7,106,In Stock,,,,54.95,,As low as,Taxable Goods,size_dogfood_2x5kg_7kg_13kg,7kg,,,,,,,,,
DPP0238,simple,Pro Plan Puppy Large Breed 12kg,"Pro Plan Large Breed Puppy with Optistart is a complete and balanced dry puppy food for large breed puppies. Your large breed puppy is full of fun and energy, and has their own nutritional needs so give them a food that is specially formulated just for them. Pro Plan Large Breed Puppy contains colostrum proven to help strengthen a puppy’s natural defences to combat daily challenges.Formulated with all of the essential key nutrients that large puppies need including colostrum, which helps protect your puppy from common intestinal upsets and combination of key nutrients that help to support healthy joints for your puppy’s active lifestyle. The nutrients in this dry dog food have been specifically adjusted for his size and age.This dry puppy food is also suitable for gestating or lactating bitches.PRO PLAN Large Puppy with OPTISTART has been specially developed by our vets and nutritionists to help your puppy maintain their overall health.", A complete and balanced dry puppy food for large breed puppies,Pro Plan,Enabled,Not Visible Individually,12,107,In Stock,,,,80.95,,As low as,Taxable Goods,size_dogfood_2x5kg_7kg_13kg,12kg,,,,,,,,,
proplansenstom,Configurable,Pro Plan Adult Senstive Skin & Stomach,"Pro Plan Sensitive Skin & Stomach is food for dogs with sensitive digestion, and is a complete pet food for medium sized dogs. If your dog has trouble with a sensitive digestion, help him make the most of mealtimes with food that is specially tailored to their digestion and size. Science Diet Sensitive Skin & Stomach is proven to improve one of the common causes of sensitive digestion, intestinal microflora imbalance. It also is encourages good faecal consistency and strongly support intestinal health, ensuring your dog’s digestion is working as smoothly as it can.Our sensitive digestion dog food is carefully cooked to help provide as much goodness as possible in each bite, with the taste of chicken for your dog to enjoy. Easily digestible and full of the key nutrients for his needs, PRO PLAN with OPTIDIGEST can keep your dog on the road to long term health.","OPTIRESTORE is a complete and balanced dog food that helps reduce the risk of adverse food reactions  tosupport skin conditions and stomach sensitivities.",Pro Plan,Enabled,"Catalog, Search",,108,In Stock,pro-plan-adult-senstive-skin-&-stomach,Sensitive Skin,Fish Protein,27.5,,As low as,Taxable Goods,size_dogfood_2x5kg_7kg_13kg,,Yes,Yes,Yes,Pro Plan Adult Senstive Skin & Stomach,Pro Plan Sensitive Skin & Stomach is food for dogs with sensitive digestion. Buy now from Net To Pet.,"Salmon and tuna; oats; vegetable protein concentrate; fish protein meal; brewers rice; wholegrain sorghum; beef and/or lamb tallow preserved with mixed tocopherols (form of vitamin E); minerals, vitamins and/or amino acids (including calcium carbonate; potassium chloride and/or dicalcium phosphate; sodium chloride and/or phosphoric acid; fish meal, copper sulphate, vitamin E supplement, zinc sulphate, ferrous sulphate, ascorbic acid (source of vitamin C), niacin, vitamin B12 supplement, manganous oxide, pantothenic acid, riboflavin supplement, pyridoxine hydrochloride, vitamin A supplement, menadione sodium bisulphate complex (source of vitamin K activity), thiamine mononitrate, folic acid, potassium iodide, sodium selenite, cobalt carbonate, biotin, natural flavours, spinach; choline chloride); natural fibres (including beetpulp and chicory); natural antioxidants.",,,
DPP0748,simple,Pro Plan Adult Senstive Skin & Stomach 2.5kg,"Pro Plan Sensitive Skin & Stomach is food for dogs with sensitive digestion, and is a complete pet food for medium sized dogs. If your dog has trouble with a sensitive digestion, help him make the most of mealtimes with food that is specially tailored to their digestion and size. Science Diet Sensitive Skin & Stomach is proven to improve one of the common causes of sensitive digestion, intestinal microflora imbalance. It also is encourages good faecal consistency and strongly support intestinal health, ensuring your dog’s digestion is working as smoothly as it can.Our sensitive digestion dog food is carefully cooked to help provide as much goodness as possible in each bite, with the taste of chicken for your dog to enjoy. Easily digestible and full of the key nutrients for his needs, PRO PLAN with OPTIDIGEST can keep your dog on the road to long term health.","OPTIRESTORE is a complete and balanced dog food that helps reduce the risk of adverse food reactions  tosupport skin conditions and stomach sensitivities.",Pro Plan,Enabled,Not Visible Individually,2.5,108,In Stock,,,,27.5,,As low as,Taxable Goods,size_dogfood_2x5kg_7kg_13kg,2.5kg,,,,,,,,,
DPP0753,simple,Pro Plan Adult Senstive Skin & Stomach 10kg,"Pro Plan Sensitive Skin & Stomach is food for dogs with sensitive digestion, and is a complete pet food for medium sized dogs. If your dog has trouble with a sensitive digestion, help him make the most of mealtimes with food that is specially tailored to their digestion and size. Science Diet Sensitive Skin & Stomach is proven to improve one of the common causes of sensitive digestion, intestinal microflora imbalance. It also is encourages good faecal consistency and strongly support intestinal health, ensuring your dog’s digestion is working as smoothly as it can.Our sensitive digestion dog food is carefully cooked to help provide as much goodness as possible in each bite, with the taste of chicken for your dog to enjoy. Easily digestible and full of the key nutrients for his needs, PRO PLAN with OPTIDIGEST can keep your dog on the road to long term health.","OPTIRESTORE is a complete and balanced dog food that helps reduce the risk of adverse food reactions  tosupport skin conditions and stomach sensitivities.",Pro Plan,Enabled,Not Visible Individually,10,108,In Stock,,,,84.95,,As low as,Taxable Goods,size_dogfood_2x5kg_7kg_13kg,10kg,,,,,,,,,
DPP0498,simple,Pro Plan Adult Large Breed 12kg,"Pro Plan Adult Large Breed with Optilife is a complete and balanced dry dog food for large size adult dogs. Optilife has been developed by vets and nutritionists at Purina to give your large-sized breed dog the best nutrients for their health needs. Pro Plan Adult Large Breed contains specific nutrients balanced at optimum levels that will help keep them in good condition. Formulated for large dogs it ensures your dog absorbs all the key elements of their food, as well as looking after their teeth & joints. It also contains a high level of antioxidants to help fight the challenges of aging.Your dog deserves a food that will give him the energy and nutrition they need to live life to the full. Give them PRO PLAN with OPTILIFE today and see what a difference the right dry dog food makes.",A complete and balanced dry dog food for large size adult dogs,Pro Plan,Enabled,"Catalog, Search",12,109,In Stock,pro-plan-adult-large-breed,,Chicken,80.95,,As low as,Taxable Goods,,,,,,Pro Plan Adult Large Breed,Pro Plan Adult Large Breed with Optilife is a complete and balanced dry dog food for large size adult dogs. Buy now from Net To Pet.,"Chicken (dehydrated chicken-natural glucosamine source, chicken); barley and oats; whole grain wheat; brewers rice; soybean protein; animal fat preserved with mixed-tocopherols (form of vitamin E); minerals, vitamins, amino acids, organic acids and natural flavours (including calcium, phosphorous, sodium, chloride, potassium, magnesium, manganese, copper, zinc, iron, iodine, selenium, vitamin A, vitamin B1, vitamin B2, vitamin B3, folic acid, vitamin B5, vitamin B6, vitamin B12, vitamin C, vitamin D, vitamin E, choline, carnitine); beet pulp; bran; vegetable and/or fish oils; natural antioxidants.",,,
proplanperformance,configurable,Pro Plan Adult Performance,"Pro Plan performance for adults contains Optipower, a specially formulated blend of nutrients designed for your dog’s increased endurance and to aid rapid recovery.Optipower which is a key part of this active dog food, is a combination of important nutrients that increase endurance and support rapid muscle recovery and joint health. This is thanks to the high protein and fat levels in the dog food.Pro Plan Performance with Optipower contains important nutrients for active or working dogs to help maintain their optimum condition. Key ingredients help to increase endurance, support rapid muscle recovery and promote good joint health. Our high protein dog food also contains fat and omega 3 anti-inflammatory fatty acids.As well as supporting particularly active dogs, Pro Plan with Optipower is suitable for all sizes of adult dog, as well as gestating or lactating females.",A specially formulated blend of nutrients designed for your dog’s increased endurance and to aid rapid recovery,Pro Plan,Enabled,"Catalog, Search",,110,In Stock,pro-plan-adult-performance,,Chicken,84.95,,As low as,Taxable Goods,size_dogfood_2x5kg_7kg_13kg,,Yes,Yes,Yes,Pro Plan Adult Performance,Pro Plan Performance is a specially formulated blend of nutrients designed for your dog’s increased endurance and to aid rapid recovery. Buy now from Net To Pet.,"Chicken, corn gluten meal, poultry meal (natural source of glucosamine), beef and/or lamb tallow preserved with mixed tocopherols (source of vitamin E), ground wheat, brewers rice, ground yellow corn, wheat & wheat by-products, soybean meal, salt, calcium carbonate, potassium Chloride, choline chloride, zinc sulphate, iron sulphate, ascorbic acid (source of Vitamin C), natural antioxidants, niacin ,manganous oxide, copper sulphate, pantothenic acid, riboflavin supplement, vitamin A supplement, thiamine mono nitrate, sodium selenite, pyridoxine hydrochloride, cobalt carbonate, vitamin B12 supplement, menadione sodium bisulphate complex (source of vitamin K), folic acid, vitamin D3 supplement, potassium iodide, biotin, natural flavours.",,,
DPP0678,simple,Pro Plan Adult Performance 12kg,"Pro Plan performance for adults contains Optipower, a specially formulated blend of nutrients designed for your dog’s increased endurance and to aid rapid recovery.Optipower which is a key part of this active dog food, is a combination of important nutrients that increase endurance and support rapid muscle recovery and joint health. This is thanks to the high protein and fat levels in the dog food.Pro Plan Performance with Optipower contains important nutrients for active or working dogs to help maintain their optimum condition. Key ingredients help to increase endurance, support rapid muscle recovery and promote good joint health. Our high protein dog food also contains fat and omega 3 anti-inflammatory fatty acids.As well as supporting particularly active dogs, Pro Plan with Optipower is suitable for all sizes of adult dog, as well as gestating or lactating females.",A specially formulated blend of nutrients designed for your dog’s increased endurance and to aid rapid recovery,Pro Plan,Enabled,Not Visible Individually,12,111,In Stock,,,,84.95,,As low as,Taxable Goods,size_dogfood_2x5kg_7kg_13kg,12kg,,,,,,,,,
DPP0682,simple,Pro Plan Adult Performance 20kg,"Pro Plan performance for adults contains Optipower, a specially formulated blend of nutrients designed for your dog’s increased endurance and to aid rapid recovery.Optipower which is a key part of this active dog food, is a combination of important nutrients that increase endurance and support rapid muscle recovery and joint health. This is thanks to the high protein and fat levels in the dog food.Pro Plan Performance with Optipower contains important nutrients for active or working dogs to help maintain their optimum condition. Key ingredients help to increase endurance, support rapid muscle recovery and promote good joint health. Our high protein dog food also contains fat and omega 3 anti-inflammatory fatty acids.As well as supporting particularly active dogs, Pro Plan with Optipower is suitable for all sizes of adult dog, as well as gestating or lactating females.",A specially formulated blend of nutrients designed for your dog’s increased endurance and to aid rapid recovery,Pro Plan,Enabled,Not Visible Individually,20,112,In Stock,,,,119.95,,As low as,Taxable Goods,size_dogfood_2x5kg_7kg_13kg,20kg,,,,,,,,,
Proplanpuppysenstivestomach,configurable,Pro Plan Puppy Sensitive Skin & Stomach,"Pro Plan Puppy Sensitive Skin & Stomach with Optistart is formulated for puppies with food sensitivities. Pro Plan Puppy Sensitive begin with real hydrolysed salmon and real tuna as the #1 ingredient. Real salmon and tuna provide high-quality alternative protein sources, which helps support muscle mass for strength and provides energy. Wholesome grains such as rice and oats are highly digestible sources of carbohydrates for energy and quality fibre sources to promote easy clean-up. Pro Plan select each and every ingredient for its nutritional value and to ensure it meets our strict quality standards. That’s why you can be sure your sensitive puppy receives exceptional nutrition and flavour in every bowl",Pro Plan Puppy Sensitive Skin & Stomach is a complete & balanced dry food for puppies with food sensitivities. ,Pro Plan,Enabled,"Catalog, Search",,113,In Stock,pro-plan-puppy-sensitive-skin-&-stomach,,Fish Protein,33.95,,As low as,Taxable Goods,size_dogfood_2x5kg_7kg_13kg,,Yes,Yes,Yes,Pro Plan Puppy Sensitive Skin & Stomach,Pro Plan Puppy Sensitive Skin & Stomach is a complete & balanced dry food for puppies with food sensitivities. Buy now from Net To Pet.,"Salmon and tuna; vegetable protein concentrate; oats; fish protein meal; brewers rice; wholegrain sorghum; beef and/or lamb tallow preserved with mixed tocopherols (form of vitamin E); minerals, vitamins and/or amino acids (including calcium carbonate; potassium chloride and/or dicalcium phosphate; sodium chloride and/or phosphoric acid; fish meal, copper sulphate, vitamin E supplement, zinc sulphate, ferrous sulphate, ascorbic acid (source of vitamin C), niacin, vitamin B12 supplement, manganous oxide, pantothenic acid, riboflavin supplement, pyridoxine hydrochloride, vitamin A supplement, menadione sodium bisulphate complex (source of vitamin K activity), thiamine mononitrate, folic acid, potassium iodide, sodium selenite, cobalt carbonate, biotin, natural flavours, spinach; choline chloride); natural fibres (including beetpulp and chicory); dried yeast and colostrum; natural antioxidants.",,,
DPP0250,simple,Pro Plan Puppy Sensitive Skin & Stomach 3kg,"Pro Plan Puppy Sensitive Skin & Stomach with Optistart is formulated for puppies with food sensitivities. Pro Plan Puppy Sensitive begin with real hydrolysed salmon and real tuna as the #1 ingredient. Real salmon and tuna provide high-quality alternative protein sources, which helps support muscle mass for strength and provides energy. Wholesome grains such as rice and oats are highly digestible sources of carbohydrates for energy and quality fibre sources to promote easy clean-up. Pro Plan select each and every ingredient for its nutritional value and to ensure it meets our strict quality standards. That’s why you can be sure your sensitive puppy receives exceptional nutrition and flavour in every bowl",Pro Plan Puppy Sensitive Skin & Stomach is a complete & balanced dry food for puppies with food sensitivities. ,Pro Plan,Enabled,Not Visible Individually,3,114,In Stock,,,,33.95,,As low as,Taxable Goods,size_dogfood_2x5kg_7kg_13kg,3kg,,,,,,,,,
DPP0254,simple,Pro Plan Puppy Sensitive Skin & Stomach 12kg,"Pro Plan Puppy Sensitive Skin & Stomach with Optistart is formulated for puppies with food sensitivities. Pro Plan Puppy Sensitive begin with real hydrolysed salmon and real tuna as the #1 ingredient. Real salmon and tuna provide high-quality alternative protein sources, which helps support muscle mass for strength and provides energy. Wholesome grains such as rice and oats are highly digestible sources of carbohydrates for energy and quality fibre sources to promote easy clean-up. Pro Plan select each and every ingredient for its nutritional value and to ensure it meets our strict quality standards. That’s why you can be sure your sensitive puppy receives exceptional nutrition and flavour in every bowl",Pro Plan Puppy Sensitive Skin & Stomach is a complete & balanced dry food for puppies with food sensitivities. ,Pro Plan,Enabled,Not Visible Individually,12,115,In Stock,,,,84.85,,As low as,Taxable Goods,size_dogfood_2x5kg_7kg_13kg,12kg,,,,,,,,,
Proplanadultsalmon,configurable,Pro Plan Feline Adult Salmon,"Pro Plan Adult Salmon with Optrienal is a unique formulation rich in Salmon, to help promote healthy kidneys in your cat.   Did you know that kidney disease is very common in cats, and problems with kidney health can begin early in adulthood and can eventually become irreversible? Pro Plan Feline Adult Salmon with Optirenal blend is formulated to help protect the kidneys from oxidative damage and helps reduce inflammation so your cat can live a healthy life.","A unique formulation rich in Salmon, to help promote healthy kidneys in your cat. ",Pro Plan,Enabled,"Catalog, Search",,116,In Stock,pro-plan-feline-adult-salmon,,Fish Protein,17.95,,As low as,Taxable Goods,size_dogfood_2x5kg_7kg_13kg,,Yes,Yes,Yes,Pro Plan Feline Adult Salmon,"Pro Plan Cat Salmon is a unique formulation rich in Salmon, to help promote healthy kidneys in your cat. Buy now from Net To Pet.","Salmon and tuna (dehydrated salmon & tuna, salmon & tuna); whole grain wheat; corn protein; dehydrated chicken; animal fat preserved with mixed-tocopherols (form of vitamin E); minerals, vitamins, amino acids, organic acids and natural flavours (including calcium, phosphorous, sodium, chloride, potassium, magnesium,  manganese, copper, zinc, iron, iodine, selenium, vitamin A, vitamin B1, vitamin B2, vitamin B3, folic acid, vitamin B5, vitamin B6, vitamin B12, vitamin C, vitamin D, vitamin E, choline, pyrophosphates, arginine, beta-carotene); barley and oats; corn; chicory; fish and/or vegetable  oils; legume protein; natural antioxidants.",,,
CPP0138,simple,Pro Plan Feline Adult Salmon 1.3kg,"Pro Plan Adult Salmon with Optrienal is a unique formulation rich in Salmon, to help promote healthy kidneys in your cat.   Did you know that kidney disease is very common in cats, and problems with kidney health can begin early in adulthood and can eventually become irreversible? Pro Plan Feline Adult Salmon with Optirenal blend is formulated to help protect the kidneys from oxidative damage and helps reduce inflammation so your cat can live a healthy life.","A unique formulation rich in Salmon, to help promote healthy kidneys in your cat. ",Pro Plan,Enabled,Not Visible Individually,1.3,117,In Stock,,,,17.95,,As low as,Taxable Goods,size_dogfood_2x5kg_7kg_13kg,1.3kg,,,,,,,,,
CPP0158,simple,Pro Plan Feline Adult Salmon 2.5kg,"Pro Plan Adult Salmon with Optrienal is a unique formulation rich in Salmon, to help promote healthy kidneys in your cat.   Did you know that kidney disease is very common in cats, and problems with kidney health can begin early in adulthood and can eventually become irreversible? Pro Plan Feline Adult Salmon with Optirenal blend is formulated to help protect the kidneys from oxidative damage and helps reduce inflammation so your cat can live a healthy life.","A unique formulation rich in Salmon, to help promote healthy kidneys in your cat. ",Pro Plan,Enabled,Not Visible Individually,2.5,118,In Stock,,,,28.5,,As low as,Taxable Goods,size_dogfood_2x5kg_7kg_13kg,2.5kg,,,,,,,,,
CPP0162,simple,Pro Plan Feline Adult Salmon 7kg,"Pro Plan Adult Salmon with Optrienal is a unique formulation rich in Salmon, to help promote healthy kidneys in your cat.   Did you know that kidney disease is very common in cats, and problems with kidney health can begin early in adulthood and can eventually become irreversible? Pro Plan Feline Adult Salmon with Optirenal blend is formulated to help protect the kidneys from oxidative damage and helps reduce inflammation so your cat can live a healthy life.","A unique formulation rich in Salmon, to help promote healthy kidneys in your cat. ",Pro Plan,Enabled,Not Visible Individually,7,119,In Stock,,,,60.5,,As low as,Taxable Goods,size_dogfood_2x5kg_7kg_13kg,7kg,,,,,,,,,
proplanadultchicken,configurable,Pro Plan Feline Adult Chicken ,"Pro Plan Adult Chicken with Optirenal is a unique formulation rich in chicken, to help promote healthy kidneys in your cat.   Did you know that kidney disease is very common in cats, and problems with kidney health can begin early in adulthood and can eventually become irreversible? Pro Plan Adult Chicken with Optirenal blend is formulated to help protect the kidneys from oxidative damage and helps reduce inflammation so your cat can live a healthy life.","A unique formulation rich in Chicken, to help promote healthy kidneys in your cat. ",Pro Plan,Enabled,"Catalog, Search",,120,In Stock,pro-plan-feline-adult-chicken,,Chicken,17.95,,As low as,Taxable Goods,size_dogfood_2x5kg_7kg_13kg,,Yes,Yes,Yes,Pro Plan Feline Adult Chicken ,"Pro Plan Chicken is a unique formulation rich in Chicken, to help promote healthy kidneys in your cat.  Buy now from Net To Pet.","Chicken (dehydrated chicken, chicken); whole grain wheat; corn protein; animal fat preserved with mixed-tocopherols (form of vitamin E); dehydrated fish; minerals, vitamins, amino acids, organic acids and natural flavours (including calcium, phosphorous, sodium, chloride, potassium, magnesium,  manganese, copper, zinc, iron, iodine, selenium, vitamin A, vitamin B1, vitamin B2, vitamin B3, folic acid, vitamin B5, vitamin B6, vitamin B12, vitamin C, vitamin D, vitamin E, choline, pyrophosphates, arginine, beta-carotene); chicory; legume protein; fish and/or vegetable  oils; oats and barley; natural antioxidants.",,,
CPP0198,simple,Pro Plan Feline Adult Chicken 1.3kg,"Pro Plan Adult Chicken with Optirenal is a unique formulation rich in chicken, to help promote healthy kidneys in your cat.   Did you know that kidney disease is very common in cats, and problems with kidney health can begin early in adulthood and can eventually become irreversible? Pro Plan Adult Chicken with Optirenal blend is formulated to help protect the kidneys from oxidative damage and helps reduce inflammation so your cat can live a healthy life.","A unique formulation rich in Chicken, to help promote healthy kidneys in your cat. ",Pro Plan,Enabled,Not Visible Individually,1.3,121,In Stock,,,,17.95,,As low as,Taxable Goods,size_dogfood_2x5kg_7kg_13kg,1.3kg,,,,,,,,,
CPP0218,simple,Pro Plan Feline Adult Chicken 2.5kg,"Pro Plan Adult Chicken with Optirenal is a unique formulation rich in chicken, to help promote healthy kidneys in your cat.   Did you know that kidney disease is very common in cats, and problems with kidney health can begin early in adulthood and can eventually become irreversible? Pro Plan Adult Chicken with Optirenal blend is formulated to help protect the kidneys from oxidative damage and helps reduce inflammation so your cat can live a healthy life.","A unique formulation rich in Chicken, to help promote healthy kidneys in your cat. ",Pro Plan,Enabled,Not Visible Individually,2.5,122,In Stock,,,,28.5,,As low as,Taxable Goods,size_dogfood_2x5kg_7kg_13kg,2.5kg,,,,,,,,,
CPP0238,simple,Pro Plan Feline Adult Chicken 7kg,"Pro Plan Adult Chicken with Optirenal is a unique formulation rich in chicken, to help promote healthy kidneys in your cat.   Did you know that kidney disease is very common in cats, and problems with kidney health can begin early in adulthood and can eventually become irreversible? Pro Plan Adult Chicken with Optirenal blend is formulated to help protect the kidneys from oxidative damage and helps reduce inflammation so your cat can live a healthy life.","A unique formulation rich in Chicken, to help promote healthy kidneys in your cat. ",Pro Plan,Enabled,Not Visible Individually,7,123,In Stock,,,,60.5,,As low as,Taxable Goods,size_dogfood_2x5kg_7kg_13kg,7kg,,,,,,,,,
proplankitten,configurable,Pro Plan Feline Kitten,"Pro Plan Kitten with Optistart is specifically formulated for the healthy development of kittens from 6 weeks to 1 year.Did you know that during their first year of life, kittens are more prone to infections, diarrhoea and digestive upsets? That’s why Pro Plan Kitten with Optistart combines all the essentials key nutrients that kittens need, plus colostrum proven to help them develop a stronger and faster immune response. Pro Plan Kitten with Optistart also helps strengthen a kitten’s intestinal health and help reduce risk of stomach upsets so they can get the best start to life. ",Specifically formulated for the healthy development of kittens from 6 weeks to 1 year.,Pro Plan,Enabled,"Catalog, Search",,124,In Stock,pro-plan-feline-kitten,,Chicken,17.95,,As low as,Taxable Goods,size_dogfood_2x5kg_7kg_13kg,,Yes,Yes,Yes,Pro Plan Feline Kitten,Pro Plan Kitten is specifically formulated for the healthy development of kittens from 6 weeks to 1 year. Buy now from Net To Pet.,"Chicken (dehydrated chicken, chicken); whole grain wheat and barley; corn protein; animal fat preserved with mixed-tocopherols (form of vitamin E); wheat protein; minerals, vitamins, amino acids, organic acids and natural flavours (including calcium, phosphorous, sodium, chloride, potassium, magnesium,  manganese, copper, zinc, iron, iodine, selenium, vitamin A, vitamin B1, vitamin B2, vitamin B3, folic acid, vitamin B5, vitamin B6, vitamin B12, vitamin C, vitamin D, vitamin E, choline, pyrophosphates, beta-carotene); chicory; fish and/or vegetable oils; dehydrated fish; natural antioxidants.",,,
CPP0038,simple,Pro Plan Feline Kitten 1.3kg,"Pro Plan Kitten with Optistart is specifically formulated for the healthy development of kittens from 6 weeks to 1 year.Did you know that during their first year of life, kittens are more prone to infections, diarrhoea and digestive upsets? That’s why Pro Plan Kitten with Optistart combines all the essentials key nutrients that kittens need, plus colostrum proven to help them develop a stronger and faster immune response. Pro Plan Kitten with Optistart also helps strengthen a kitten’s intestinal health and help reduce risk of stomach upsets so they can get the best start to life. ",Specifically formulated for the healthy development of kittens from 6 weeks to 1 year.,Pro Plan,Enabled,Not Visible Individually,1.3,125,In Stock,,,,17.95,,As low as,Taxable Goods,size_dogfood_2x5kg_7kg_13kg,1.3kg,,,,,,,,,
CPP0058,simple,Pro Plan Feline Kitten 2.5kg,"Pro Plan Kitten with Optistart is specifically formulated for the healthy development of kittens from 6 weeks to 1 year.Did you know that during their first year of life, kittens are more prone to infections, diarrhoea and digestive upsets? That’s why Pro Plan Kitten with Optistart combines all the essentials key nutrients that kittens need, plus colostrum proven to help them develop a stronger and faster immune response. Pro Plan Kitten with Optistart also helps strengthen a kitten’s intestinal health and help reduce risk of stomach upsets so they can get the best start to life. ",Specifically formulated for the healthy development of kittens from 6 weeks to 1 year.,Pro Plan,Enabled,Not Visible Individually,2.5,126,In Stock,,,,28.5,,As low as,Taxable Goods,size_dogfood_2x5kg_7kg_13kg,2.5kg,,,,,,,,,
CPP0078,simple,Pro Plan Feline Kitten 7kg,"Pro Plan Kitten with Optistart is specifically formulated for the healthy development of kittens from 6 weeks to 1 year.Did you know that during their first year of life, kittens are more prone to infections, diarrhoea and digestive upsets? That’s why Pro Plan Kitten with Optistart combines all the essentials key nutrients that kittens need, plus colostrum proven to help them develop a stronger and faster immune response. Pro Plan Kitten with Optistart also helps strengthen a kitten’s intestinal health and help reduce risk of stomach upsets so they can get the best start to life. ",Specifically formulated for the healthy development of kittens from 6 weeks to 1 year.,Pro Plan,Enabled,Not Visible Individually,7,127,In Stock,,,,60.5,,As low as,Taxable Goods,size_dogfood_2x5kg_7kg_13kg,7kg,,,,,,,,,
proplanfelinemature,configurable,Pro Plan Feline Mature 7+,"Pro Plan Adult 7+ with Longevis  is proven to extend healthy lifespan and improve the quality of life of your cat. Did you know After 7 years, cats begin to experience age related changes including loss of lean body mass and a decline in immune and digestive function? Nutrition can assist in supporting their unique needs and lifelong health. Pro Plan Feline Mature 7 + with Longevis is a unique blend of nutrients that are formulated to contribute to an improvement in overall health as well as increased longevity. It includes a blend of antioxidants, vitamins, prebiotics and Omega 3 & 6 Fatty Acids for healthier body condition and quality of life.",A complete & balanced pet food proven to extend healthy lifespan and improve the quality of life of your cat. ,Pro Plan,Enabled,"Catalog, Search",,128,In Stock,pro-plan-feline-mature,,Chicken,17.95,,As low as,Taxable Goods,size_dogfood_2x5kg_7kg_13kg,,Yes,Yes,Yes,Pro Plan Feline Mature 7+,Pro Plan Feline Mature is a complete & balanced pet food proven to extend healthy lifespan and improve the quality of life of your cat. ,"Chicken (dehydrated chicken, chicken); whole grain wheat and barley; corn protein; animal fat preserved with mixed-tocopherols (form of vitamin E); wheat protein; minerals, vitamins, amino acids, organic acids and natural flavours (including calcium, phosphorous, sodium, chloride, potassium, magnesium,  manganese, copper, zinc, iron, iodine, selenium, vitamin A, vitamin B1, vitamin B2, vitamin B3, folic acid, vitamin B5, vitamin B6, vitamin B12, vitamin C, vitamin D, vitamin E, choline, pyrophosphates, beta-carotene); chicory; fish and/or vegetable oils; dehydrated fish; natural antioxidants.",,,
CPP0418,simple,Pro Plan Feline Mature 7+ 1.3kg,"Pro Plan Adult 7+ with Longevis  is proven to extend healthy lifespan and improve the quality of life of your cat. Did you know After 7 years, cats begin to experience age related changes including loss of lean body mass and a decline in immune and digestive function? Nutrition can assist in supporting their unique needs and lifelong health. Pro Plan Feline Mature 7 + with Longevis is a unique blend of nutrients that are formulated to contribute to an improvement in overall health as well as increased longevity. It includes a blend of antioxidants, vitamins, prebiotics and Omega 3 & 6 Fatty Acids for healthier body condition and quality of life.",A complete & balanced pet food proven to extend healthy lifespan and improve the quality of life of your cat. ,Pro Plan,Enabled,Not Visible Individually,1.3,129,In Stock,,,,17.95,,As low as,Taxable Goods,size_dogfood_2x5kg_7kg_13kg,1.3kg,,,,,,,,,
CPP0438,simple,Pro Plan Feline Mature 7+ 2.5kg,"Pro Plan Adult 7+ with Longevis  is proven to extend healthy lifespan and improve the quality of life of your cat. Did you know After 7 years, cats begin to experience age related changes including loss of lean body mass and a decline in immune and digestive function? Nutrition can assist in supporting their unique needs and lifelong health. Pro Plan Feline Mature 7 + with Longevis is a unique blend of nutrients that are formulated to contribute to an improvement in overall health as well as increased longevity. It includes a blend of antioxidants, vitamins, prebiotics and Omega 3 & 6 Fatty Acids for healthier body condition and quality of life.",A complete & balanced pet food proven to extend healthy lifespan and improve the quality of life of your cat. ,Pro Plan,Enabled,Not Visible Individually,2.5,130,In Stock,,,,28.5,,As low as,Taxable Goods,size_dogfood_2x5kg_7kg_13kg,2.5kg,,,,,,,,,
proplanfelinehousecat,configurable,Pro Plan Feline Adult Housecat,"Pro Plan Feline Adult Housecat with Optrienal is specifically formulated for the healthy maintenance of indoor cats.  This unique formula includes all the essential nutrients, a natural prebiotic and insoluble fibre for a healthy digestive and intestinal system and helps reduce litterbox odours.   Did you know that kidney disease is very common in cats, and problems with kidney health can begin early in adulthood and can eventually become irreversible? Pro Plan Feline Adult with Optirenal blend is formulated to help protect the kidneys from oxidative damage and helps reduce inflammation so your cat can live a healthy life.",A complete & balanced pet food specifically formulated for the healthy maintenance of indoor cats.  ,Pro Plan,Enabled,"Catalog, Search",,131,In Stock,pro-plan-feline-adult-housecat,,Chicken,19.5,,As low as,Taxable Goods,size_dogfood_2x5kg_7kg_13kg,,Yes,Yes,Yes,Pro Plan Feline Adult Housecat,Pro Plan Feline Housecat is a complete & balanced pet food specifically formulated for the healthy maintenance of indoor cats.  ,"Chicken (dehydrated chicken, chicken); corn protein; whole grain wheat and bran; natural fibres (beet pulp, cellulose and rice fibre); dehydrated fish; animal fat preserved with mixed-tocopherols (form of vitamin E); minerals, vitamins, amino acids, organic acids and natural flavours (including calcium, phosphorous, sodium, chloride, potassium, magnesium,  manganese, copper, zinc, iron, iodine, selenium, vitamin A, vitamin B1, vitamin B2, vitamin B3, folic acid, vitamin B5, vitamin B6, vitamin B12, vitamin C, vitamin D, vitamin E, choline, pyrophosphates, arginine, beta-carotene); chicory; barley; fish and/or vegetable  oils; legume protein; natural antioxidants.",,,
CPP0332,simple,Pro Plan Feline Adult Housecat 1.3kg,"Pro Plan Feline Adult Housecat with Optrienal is specifically formulated for the healthy maintenance of indoor cats.  This unique formula includes all the essential nutrients, a natural prebiotic and insoluble fibre for a healthy digestive and intestinal system and helps reduce litterbox odours.   Did you know that kidney disease is very common in cats, and problems with kidney health can begin early in adulthood and can eventually become irreversible? Pro Plan Feline Adult with Optirenal blend is formulated to help protect the kidneys from oxidative damage and helps reduce inflammation so your cat can live a healthy life.",A complete & balanced pet food specifically formulated for the healthy maintenance of indoor cats.  ,Pro Plan,Enabled,Not Visible Individually,1.3,132,In Stock,,,,19.5,,As low as,Taxable Goods,size_dogfood_2x5kg_7kg_13kg,1.3kg,,,,,,,,,
CPP0334,simple,Pro Plan Feline Adult Housecat 2.5kg,"Pro Plan Feline Adult Housecat with Optrienal is specifically formulated for the healthy maintenance of indoor cats.  This unique formula includes all the essential nutrients, a natural prebiotic and insoluble fibre for a healthy digestive and intestinal system and helps reduce litterbox odours.   Did you know that kidney disease is very common in cats, and problems with kidney health can begin early in adulthood and can eventually become irreversible? Pro Plan Feline Adult with Optirenal blend is formulated to help protect the kidneys from oxidative damage and helps reduce inflammation so your cat can live a healthy life.",A complete & balanced pet food specifically formulated for the healthy maintenance of indoor cats.  ,Pro Plan,Enabled,Not Visible Individually,2.5,133,In Stock,pro-plan-feline-adult-delicate,,Fish Protein,31.95,,As low as,Taxable Goods,size_dogfood_2x5kg_7kg_13kg,2.5kg,,,,,,,,,
proplandelicate,configurable,Pro Plan Feline Adult Delicate,"Pro Plan Adult Delicate with Optirenal is a complete & balanced pet food for adult cats with sensitive digestion or fussy appetites. With high levels of vitamin A, E & C it helps support a healthy immune system, and with restricted number of proteins and only the best quality ingredients helps improve food tolerance.   Did you know that kidney disease is very common in cats, and problems with kidney health can begin early in adulthood and can eventually become irreversible? Pro Plan Adult Delicate with Optirenal blend is formulated to help protect the kidneys from oxidative damage and helps reduce inflammation so your cat can live a healthy life.",A complete & balanced pet food for adult cats with sensitive digestion or fussy appetites,Pro Plan,Enabled,"Catalog, Search",,134,In Stock,,,,19.95,,As low as,Taxable Goods,size_dogfood_2x5kg_7kg_13kg,,Yes,Yes,Yes,Pro Plan Feline Adult Delicate,Pro Plan Delicate is a complete & balanced pet food for adult cats with sensitive digestion or fussy appetites.,"Salmon and tuna (dehydrated salmon & tuna, salmon & tuna); corn protein; corn; animal fat preserved with mixed-tocopherols (form of vitamin E); minerals, vitamins, amino acids, organic acids and natural flavours (including calcium, phosphorous, sodium, chloride, potassium, magnesium, manganese, copper, zinc, iron, iodine, selenium, vitamin A, vitamin B1, vitamin B2, vitamin B3, folic acid, vitamin B5, vitamin B6, vitamin B12, vitamin C, vitamin D, vitamin E, choline, pyrophosphates, arginine, beta-carotene);legume protein; chicory; oats; fish and/or vegetable  oils; natural antioxidants.",,,
CPP0372,simple,Pro Plan Feline Adult Delicate 1.3kg,"Pro Plan Adult Delicate with Optirenal is a complete & balanced pet food for adult cats with sensitive digestion or fussy appetites. With high levels of vitamin A, E & C it helps support a healthy immune system, and with restricted number of proteins and only the best quality ingredients helps improve food tolerance.   Did you know that kidney disease is very common in cats, and problems with kidney health can begin early in adulthood and can eventually become irreversible? Pro Plan Adult Delicate with Optirenal blend is formulated to help protect the kidneys from oxidative damage and helps reduce inflammation so your cat can live a healthy life.",Pro Plan Delicate is a complete & balanced pet food for adult cats with sensitive digestion or fussy appetites,Pro Plan,Enabled,Not Visible Individually,1.3,135,In Stock,,,,19.95,,As low as,Taxable Goods,size_dogfood_2x5kg_7kg_13kg,1.3kg,,,,,,,,,
CPP0374,simple,Pro Plan Feline Adult Delicate 2.5kg,"Pro Plan Adult Delicate with Optirenal is a complete & balanced pet food for adult cats with sensitive digestion or fussy appetites. With high levels of vitamin A, E & C it helps support a healthy immune system, and with restricted number of proteins and only the best quality ingredients helps improve food tolerance.   Did you know that kidney disease is very common in cats, and problems with kidney health can begin early in adulthood and can eventually become irreversible? Pro Plan Adult Delicate with Optirenal blend is formulated to help protect the kidneys from oxidative damage and helps reduce inflammation so your cat can live a healthy life.",Pro Plan Delicate is a complete & balanced pet food for adult cats with sensitive digestion or fussy appetites,Pro Plan,Enabled,Not Visible Individually,2.5,136,In Stock,,,,31.95,,As low as,Taxable Goods,size_dogfood_2x5kg_7kg_13kg,2.5kg,,,,,,,,,
proplanfelineweight,configurable,Pro Plan Feline Adult Weight Loss/Sterilised,"Pro Plan Adult Sterilised/Weight Loss with Optirenal is a complete & balanced pet food for adult sterilised/neutered cats, overweight adult cats & cats with tendency to put on weight. It combines all essential nutrients including vitamins A, C and E, also Omega 3 & 6 Fatty Acids in a high protein diet. Pro Plan Adult Sterilised/Weight Loss specifically formulated with 25% Lower fat* to help weight loss and helps create a sense of fullness due to high protein content, complex carbohydrates and adequate fibre levels.Did you know that kidney disease is very common in cats, and problems with kidney health can begin early in adulthood and can eventually become irreversible? Pro Plan Feline Wieght Loss with Optirenal blend is formulated to help protect the kidneys from oxidative damage and helps reduce inflammation so your cat can live a healthy life.","A complete & balanced pet food for adult sterilised/neutered cats, overweight adult cats & cats with tendency to put on weight",Pro Plan,Enabled,"Catalog, Search",,137,In Stock,pro-plan-feline-adult-weight-loss-sterilised,,Fish Protein,19.5,,As low as,Taxable Goods,size_dogfood_2x5kg_7kg_13kg,,Yes,Yes,Yes,Pro Plan Feline Adult Weight Loss/Sterilised,"Pro Plan Weight Loss is a complete & balanced pet food for adult sterilised/neutered cats, overweight adult cats & cats with tendency to put on weight","Salmon and tuna (dehydrated salmon & tuna, salmon & tuna); whole grain wheat; corn protein; dehydrated chicken; minerals, vitamins, amino acids, organic acids and natural flavours (including calcium, phosphorous, sodium, chloride, potassium, magnesium, manganese, copper, zinc, iron, iodine, selenium, vitamin A, vitamin B1, vitamin B2, vitamin B3, folic acid, vitamin B5, vitamin B6, vitamin B12, vitamin C, vitamin D, vitamin E, choline, pyrophosphates, arginine, beta-carotene); natural fibres (beet pulp, cellulose and bran fibre); animal fat preserved with mixed-tocopherols (form of vitamin E); barley and oats; legume protein; wheat protein; fish and/or vegetable oils; natural antioxidants",,,
CPP0378,simple,Pro Plan Feline Adult Weight Loss/Sterilised 1.3kg,"Pro Plan Adult Sterilised/Weight Loss with Optirenal is a complete & balanced pet food for adult sterilised/neutered cats, overweight adult cats & cats with tendency to put on weight. It combines all essential nutrients including vitamins A, C and E, also Omega 3 & 6 Fatty Acids in a high protein diet. Pro Plan Adult Sterilised/Weight Loss specifically formulated with 25% Lower fat* to help weight loss and helps create a sense of fullness due to high protein content, complex carbohydrates and adequate fibre levels.Did you know that kidney disease is very common in cats, and problems with kidney health can begin early in adulthood and can eventually become irreversible? Pro Plan Feline Wieght Loss with Optirenal blend is formulated to help protect the kidneys from oxidative damage and helps reduce inflammation so your cat can live a healthy life.","A complete & balanced pet food for adult sterilised/neutered cats, overweight adult cats & cats with tendency to put on weight",Pro Plan,Enabled,Not Visible Individually,1.3,138,In Stock,,,,19.5,,As low as,Taxable Goods,size_dogfood_2x5kg_7kg_13kg,1.3kg,,,,,,,,,
CPP0398,simple,Pro Plan Feline Adult Weight Loss/Sterilised 2.5kg,"Pro Plan Adult Sterilised/Weight Loss with Optirenal is a complete & balanced pet food for adult sterilised/neutered cats, overweight adult cats & cats with tendency to put on weight. It combines all essential nutrients including vitamins A, C and E, also Omega 3 & 6 Fatty Acids in a high protein diet. Pro Plan Adult Sterilised/Weight Loss specifically formulated with 25% Lower fat* to help weight loss and helps create a sense of fullness due to high protein content, complex carbohydrates and adequate fibre levels.Did you know that kidney disease is very common in cats, and problems with kidney health can begin early in adulthood and can eventually become irreversible? Pro Plan Feline Wieght Loss with Optirenal blend is formulated to help protect the kidneys from oxidative damage and helps reduce inflammation so your cat can live a healthy life.","A complete & balanced pet food for adult sterilised/neutered cats, overweight adult cats & cats with tendency to put on weight",Pro Plan,Enabled,Not Visible Individually,2.5,139,In Stock,,,,31.95,,As low as,Taxable Goods,size_dogfood_2x5kg_7kg_13kg,2.5kg,,,,,,,,,
proplandermaplus,configurable,Pro Plan Feline Adult Derma Plus,"Pro Plan Adult Derma Plus with Optiderma includes key nutrients to support a healthy skin and coat, to help limit excessive hair loss / shedding. Pro Plan Derma Plus controls hairball formation and safely and gently moves the hair through the digestive tract. This specific formula includes high levels of vitamins, minerals and protein, essential for hair and epidermal tissue maintenance, for healthy skin and a shiny coat",A complete & balanced pet food that includes key nutrients to support a healthy skin and coat.,Pro Plan,Enabled,"Catalog, Search",,140,In Stock,pro-plan-feline-adult-derma-plus,,Fish Protein,,,As low as,Taxable Goods,size_dogfood_2x5kg_7kg_13kg,,Yes,Yes,Yes,Pro Plan Feline Adult Derma Plus,Pro Plan Derma Plus is a complete & balanced pet food that includes key nutrients to support a healthy skin and coat.,"Salmon and tuna (dehydrated salmon & tuna, salmon & tuna); whole grain wheat; corn protein; dehydrated chicken; animal fat preserved with mixed-tocopherols (form of vitamin E); natural fibres (beet pulp, cellulose, wheat and rice fibre); minerals, vitamins, amino acids, organic acids and natural flavours (including calcium, phosphorous, sodium, chloride, potassium, magnesium,  manganese, copper, zinc, iron, iodine, selenium, vitamin A, vitamin B1, vitamin B2, vitamin B3, folic acid, vitamin B5, vitamin B6, vitamin B12, vitamin C, vitamin D, vitamin E, choline, pyrophosphates); chicory; fish and/or vegetable  oils; natural antioxidants.",,,
CPP0292,simple,Pro Plan Feline Adult Derma Plus,"Pro Plan Adult Derma Plus with Optiderma includes key nutrients to support a healthy skin and coat, to help limit excessive hair loss / shedding. Pro Plan Derma Plus controls hairball formation and safely and gently moves the hair through the digestive tract. This specific formula includes high levels of vitamins, minerals and protein, essential for hair and epidermal tissue maintenance, for healthy skin and a shiny coat",A complete & balanced pet food that includes key nutrients to support a healthy skin and coat.,Pro Plan,Enabled,Not Visible Individually,1.3,141,In Stock,,,,19.5,,As low as,Taxable Goods,size_dogfood_2x5kg_7kg_13kg,1.3kg,,,,,,,,,
CPP0294,simple,Pro Plan Feline Adult Derma Plus,"Pro Plan Adult Derma Plus with Optiderma includes key nutrients to support a healthy skin and coat, to help limit excessive hair loss / shedding. Pro Plan Derma Plus controls hairball formation and safely and gently moves the hair through the digestive tract. This specific formula includes high levels of vitamins, minerals and protein, essential for hair and epidermal tissue maintenance, for healthy skin and a shiny coat",A complete & balanced pet food that includes key nutrients to support a healthy skin and coat.,Pro Plan,Enabled,Not Visible Individually,2.5,142,In Stock,,,,31.95,,As low as,Taxable Goods,size_dogfood_2x5kg_7kg_13kg,2.5kg,,,,,,,,,