name,sku,cpsp_expand_prices,cpsp_show_lowest,cpsp_enable
Capstar Flea Tablets Large Dogs Up to 57kg 6 Tablets ,DHC1040,,,
Fido's Everyday Shampoo,DGF0000,1,0,1
Frontline Plus for Small Dogs Up to 10kg,DHF0001,1,0,1
Fido's Puppy & Kitten Shampoo,DGF0003,1,0,1
Fido's Blackgloss Shampoo,DGF0007,1,0,1
Pernaease Powder 250g,DHF1340,,,
Fido's Bathing Wipes,DHF1080,,,
Fido's Flea Bomb 125g,DHF1160,,,
Fido's White and Bright Shampoo,DGF00031,1,0,1
Frontline Plus for Medium Dogs 10-20kg,DGH0002,1,0,1
Frontline Plus for Large Dogs 20-40kg,DHF0003,1,0,1
Frontline Plus for Extra Large Dogs 40-60kg,DHF0004,1,0,1
Kong Classic ,DAK20001,1,0,1
Kong Extreme,DAK20002,1,0,1
Lixit Rabbit/Guinea Pig Water Bottle,AAL0001,1,0,1
Kong Classic Goodie Bone,DAK40001,1,0,1
Kong Airdog Squeaker Balls multi-pack,DAK40002,1,0,1
Kong Airdog Squeaker Football,DAK40003,1,0,1
Kong Airdog Squeaker Dumbbell,DAK40004,1,0,1
Kong Airdog Spinner,DAK40005,1,0,1
Preventic Tick Collar For Dogs 2 Months,DHV2440,,,
Kiltix Tick & Flea Collar For Dogs,DHK0520,,,
Kong Puppy,DAK20006,1,0,1
Kong Puppy Teething Stick,DAK20007,1,0,1
Kong Puppy Flyer,DAK2170,,,
Kong Puppy Goodie Bone Small,DAK2130,,,
Kong Wobbler,DAK20009,1,1,1
Kong Wild Knot Bear,DAK50001,1,0,1
Kong Genius Leo,DAK50002,1,1,1
Love Em Liver Chews 2 Pack,DTL1180,,,
Love Em Puppy Rewards Treat 120g,DTL1020,,,
Love Em Liver Chews 4 Pack Chew,DTL1200,,,
Love Em Beef Liver Treats 100g,DTL1040,,,
Kong Cozie Ali Aligator ,DAK630001,1,0,1
Feliway Diffusser & Refill Set For Cats,CHF0500,,,
Kong Cozie King Lion,DAK630002,1,0,1
Kong Cozie Elmer the Elephant,DAK630003,1,0,1
Feliway Spray for Cats 60ml,CHF0540,,,
Kong Cozie Rosie the Rhino,DAK630004,1,0,1
Feliway Refill Only 48ml,CHF0520,,,
Kong Dodo Bird,DAK5675,,,
Kong Classic Flyer ,DAK50003,1,0,1
Kong Extreme Flyer ,DAK5130,,,
Ball Launcher/Chucker,DAB0600,,,
Kong Classic Ball,DAK50005,1,0,1
Kong Extreme Ball,DAK50006,1,0,1
Kong Satellite Treat Dispenser,DAK50007,,,
Kong Genius Mike,DAK50008,1,1,1
Kong Safe Stix,DAK50009,1,0,1
Kong Tug,DAK3670,,,
Kong Sports Balls Assorted ,DAK30001,1,0,1
34234,234,0,0,0
Fido's Tea Tree Shampoo,DGF058,1,0,1
Fido's Aloe Vera Shampoo,DGF042,1,0,1
Fido's Emu Oil Shampoo,DGF016,1,0,1
Fido's Gentle and Mild Shampoo with Baking Soda,DGF246,1,0,1
Fido's Creme Conditioner,DGF102,1,0,1
Fido's Oatmeal Conditioner,DGF110,1,0,1
Advantix Green Small Dogs 0-4kg,CHA00001,1,1,1
Advantix Blue Medium Dogs 4-10kg,DHA20001,1,1,1
Advantix Red Large Dogs 10-25kg,DHA20002,1,1,1
Advantix Grey Extra Large Dogs Over 25kg,DHA20003,1,1,1
Fido's Fresh Coat Spray,DGF2080,1,0,1
Advocate Small Cats Orange 0-4kg,CHA00002,1,1,1
Fido's Fre Itch Rinse Concentrate,DGF026,1,0,1
Advocate Large Cats Purple Over 4kg,CHA0003,1,1,1
Advocate Blue Medium Dogs 4-10kg,DHA10004,1,1,1
Advocate Green Small Dogs 0-4kg 3 Pack,DHA1020,,,
Advocate Red Large Dogs 10-25kg,DHA10005,1,1,1
Advocate for Extra Large Dogs Over 25kg 3 Pack,DHA1120,,,
Advocate Grey Extra Large Dogs Over 25kg 6 Pack,DHA1140,,,
Advocate Grey Extra Large Dogs Over 25kg,DHA10006,1,1,1
Advantage Orange Small Cats 0-4kg,CHA0004,1,0,1
Advantage Purple Large Cats Over 4kg,CHA0005,1,0,1
Advantage Green Small Dogs 0-4kg,DHA0006,1,0,1
Advantage Blue Medium Dogs 4-10kg,DHA0007,1,0,1
Advantage Red Large Dogs 10-25kg,DHA0008,1,0,1
Advantage Grey Extra Large Dogs Over 25kg,DHA0009,1,0,1
Science Diet Feline Senior 11+ Age Defying,CPS0009,1,0,1
Fido's Tear Stain Remover 125ml,DGF2260,,,
Fido's Dental Spray Gel 125ml,DHF1300,,,
Fido's Fleatrol Plus Spray,DGF218,1,0,1
Fido's White and Bright Fresh Spritzer Spray 125ml,DGF2340,,,
Fido's Everyday Fresh Spritzer Spray 125ml,DGF2360,,,
Fido's Puppy and Kitten Fresh Spritzer Spray 125ml,DGF2380,,,
Fido's Bunny Bath Shampoo and Conditioner ,AGF002,1,0,1
Fido's Flea Shampoo ,DGF020,1,0,1
Fido's White and Bright Conditioner,DGF035,1,0,1
Fido's Pyrethrin Shampoo,DGF036,1,0,1
Fido's Herbal Shampoo ,DGF064,1,0,1
Fido's Avitrol Mite and Lice Spray,BHF010,1,0,1
Fido's Avitrol Plus Bird Worming Syrup,BHF020,1,0,1
Nylon Collar Black,DOGCOLLAR1,1,0,1
Fido's Glucosamine Tablets,DHF102,1,0,1
Nylon Dog Collar Blue,DOGCOLLAR2,1,0,1
Nylon Dog Collar Red,DOGCOLLAR3,1,0,1
Nylon Dog Collar Pink,DOGCOLLAR4,1,0,1
PAW Osteocare Joint Health Chews for Dogs,DHP208,1,0,1
PAW Osteosupport Joint Care Powder for Dogs,DHP206,1,0,1
PAW Osteosupport Joint Care Powder for Cats 60's,PAW0060,,,
PAW Digesticare 60 Powder for Dogs & Cats 150g,DHP2130,,,
PAW Gentle Ear Cleaner 120ml,DHP2020,,,
PAW Wellness & Vitality Multivitamin Chews,DHP2380,,,
Nylon Dog Collar Purple,DOGCOLLAR5,1,0,1
PAW Multi+Tryptophan Multivitamin Chews 300g,DHP2180,,,
PAW Dermega Omega 3 & 6 Oral Supplement 200ml,DHP2140,,,
Adjustable Nylon Dog Collar Black,DOGCOLLAR6,1,0,1
Adjustable Nylon Dog Collar Blue,DOGCOLLAR7,1,0,1
Adjustable Nylon Dog Collar Red,DOGCOLLAR8,1,0,1
Adjustable Nylon Dog Collar Pink,DOGCOLLAR9,1,0,1
Adjustable Nylon Dog Collar Purple,DOGCOLLAR10,1,0,1
Padded Nylon Dog Collar Black,DOGCOLLAR11,1,0,1
Padded Nylon Dog Collar Blue,DOGCOLLAR12,1,0,1
Petlife Padded Nylon Dog Collar Red,DOGCOLLAR13,1,0,1
Leather Plain Dog Collar Black,DOGCOLLAR14,1,0,1
Leather Plain Dog Collar Morocco Large,16313,,,
Leather Plain Dog Collar Morocco,DOGCOLLAR15,1,0,1
Leather Plain Dog Collar Cabernet,DOGCOLLAR16,1,0,1
Science Diet Puppy Small & Toy Savory Stew with Chicken & Vegetables 156gx24pack,DPS0820,,,
PAW Rose Aroma Grooming Mist 125ml,DGP1320,,,
PAW Puppy Conditioning Spray 200ml,DGP1040,,,
PAW Puppy Gentle Shampoo 200ml,DGP1020,,,
PAW 2 in 1 Conditioning Shampoo ,DGP106,1,0,1
PAW Sensitive Skin Shampoo,DGP112,1,1,1
PAW Sensitive Skin Conditioner 200ml,DGP1180,,,
PAW NutriDerm Replenishing Shampoo 200ml,DGP1220,,,
PAW NutriDerm Replenishing Conditioner 200ml,DGP1240,,,
PAW MediDerm Gentle Medicated Shampoo,DGP126,1,0,1
PAW Classic Care Shampoo,DGP140,1,0,1
Leather Studded Dog Collar Black,DOGCOLLAR17,1,0,1
Leather Studded Dog Collar Morocco,DOGCOLLAR18,1,0,1
Leather Studded Dog Collar Cabernet,DOGCOLLAR19,1,0,1
Leather Staffy Dog Collar Black,DOGCOLLAR20,1,0,1
Leather Staffy Dog Collar Cabernet,DOGCOLLAR21,1,0,1
Leather Staffy Dog Collar Morocco,DOGCOLLAR22,1,0,1
Science Diet Adult Small & Toy Breed Savory Stew with Chicken & Vegetables 156gx24pack,DPS0900,,,
Science Diet Adult Small & Toy Breed Savory Stew with Beef & Vegetables 156gx24pack,DPS0920,,,
Science Diet Mature Small & Toy Breed Savory Stew with Chicken & Vegetables 156gx24pack,DPS1060,,,
Science Diet Puppy Savory Stew with Chicken & Vegetables 363gx12pack,DPS0840,,,
Science Diet Puppy Savory Stew with Beef & Vegetables 363gx12pack,DPS0860,,,
Science Diet Adult Savory Stew with Chicken & Vegetables 363gx12pack ,DPS0940,,,
Science Diet Adult Savory Stew with Beef & Vegetables 363gx12pack ,DPS0960,,,
Science Diet Adult Savory Stew with Turkey & Vegetables 363gx12pack ,DPS0980,,,
Science Diet Mature Savory Stew with Chicken & Vegetables 363gx12pack ,DPS1080,,,
Science Diet Mature Savory Stew with Beef & Vegetables 363gx12pack ,DPS1100,,,
Dermcare Aloveen Shampoo ,DGA002,1,0,1
Dermcare Aloveen Conditioner,DGA008,1,0,1
Dermcare Aloveen Shampoo and Conditioner Bonus Pack,DGA0140,,,
Special Edition Leather Dog Collar Black,DOGCOLLAR24,1,0,1
Dermcare Malaseb Medicated Shampoo ,DGM004,1,0,1
Powergrip Adjustable Dog Collar Blue Steel,DOGCOLLAR25,1,0,1
Powergrip Adjustable Dog Collar Purple Punch,DOGCOLLAR26,1,0,1
Dermcare Natural Shampoo,DGD002,1,0,1
Action Dog Collar Burnt Orange,DOGCOLLAR27,1,0,1
Permoxin Concentrate ,DHP152,1,0,1
Action Dog Collar Panther Black,DOGCOLLAR28,1,0,1
Watersports Adjustable Dog Collar Anchor Red,DOGCOLLAR29,1,0,1
Epi Otic Skin & Ear Cleaner,DHV216,1,0,1
Watersports Adjustable Dog Collar Drift Blue,DOGCOLLAR30,1,0,1
Nylon Lead Black,DOGLEAD1,1,0,1
Nylon Lead Blue,DOGLEAD2,1,0,1
Nylon Lead Red 180cmX25mm,16512,,,
Nylon Lead Red,DOGLEAD3,1,0,1
Nylon Lead Pink,DOGLEAD4,1,0,1
Troy Repel X,DHT180,1,0,1
Nylon Lead Purple,DOGLEAD5,1,0,1
Troy Fly Repella Cream,DHT160,,,
Padded Nylon Lead Black,DOGLEAD6,1,0,1
Padded Nylon Lead Blue,DOGLEAD7,1,0,1
Padded Nylon Lead Red,DOGLEAD8,1,0,1
Padded Chain Lead Black,DOGLEAD9,1,0,1
Padded Chain Lead Blue,DOGLEAD10,1,0,1
Padded Chain Lead Red,DOGLEAD11,1,0,1
Nylon Twin Lead,DOGLEAD12,1,0,1
Powergrip Lead Various Colours,DOGLEAD13,1,0,1
Watersports Lead Adjustable 150cm,DOGLEAD14,1,0,1
Special Edition Leather Lead,17207,,,
Special Edition Retractable Lead 5m,16839,,,
Septicide Antiseptic Cream and Insecticide 100g,DHV2460,,,
Buzz Off Antiseptic and Insecticide Cream 75g,DHB1060,,,
Rose Hip Vital for Canines,DHR150,1,0,1
Joint Guard Liver Chews for Dogs 250g,DHJ0020,,,
Joint Guard Powder for Dogs,DHJ004,1,0,1
Halti Head Collar Black ,HALTI,1,0,1
Joint Guard Powder for Cats 100g,CHJ0020,,,
Halti Head Collar Blue,HALTI2,1,0,1
Halti Head Collar Red,HALTI3,1,0,1
Hill's Science Diet Adult Oral Care,DPS0016,1,1,1
Frontline Plus for Cats,CHF002,1,0,1
Interceptor Chews for Dogs X-Small,DHI002,1,1,1
Interceptor Chews for Dogs Small 4-11kgs,DHI006,1,1,1
Interceptor Chews for Dogs Medium 11-22kgs,DHI010,1,1,1
Interceptor Chews for Dogs Large 22-45kgs,DHI0145,1,1,1
Troy Ear Canker Drops 20ml,DHT1880,,,
Troy Laxapet Gel 100g,DHT1720,,,
Ideal Balance Adult Natural Chicken & Brown Rice Recipe,CPI0002,1,0,1
Ideal Balance Mature Natural Chicken & Brown Rice Recipe,CPI0003,1,0,1
Ideal Balance Adult Grain Free Natural Chicken & Potato Recipe,CPI0004,1,0,1
Ideal Balance Kitten Natural Chicken & Brown Rice Recipe,CPI0005,1,0,1
Ideal Balance Adult Slow Cooked Chicken Recipe 82gx24pack,CPI2200,,,
 Ideal Balance Adult Roasted Turkey Recipe 82gx24pack,CPI2220,,,
Ideal Balance Adult Poached Salmon & Rice Recipe 82gx24pack,CPI2240,,,
 Ideal Balance Adult Braised Trout Recipe 82gx24pack,CPI2260,,,
Ideal Balance Puppy Natural Chicken & Rice Recipe ,DPI0001,1,0,1
Ideal Balance Adult Small Breed Natural Chicken & Rice Recipe 1.81kg,DPI2060,,,
Ideal Balance Adult Large Breed Natural Chicken & Rice Recipe ,DPI0002,1,0,1
 Ideal Balance Adult Natural Chicken & Brown Rice Recipe ,DPI0004,1,0,1
Ideal Balance Mature Natural Chicken & Brown Rice Recipe ,DPI0006,1,0,1
Ideal Balance Adult Grain Free Natural Chicken & Potato Recipe,DPI0008,1,0,1
Halti Head Collar Purple,HALTI4,1,0,1
Check Chain Medium Heavy 2.5mm,CCHAIN1,1,0,1
Check Chain Extra Heavy 3.5mm,CCHAIN2,1,0,1
Halti Harness,HALTI5,1,0,1
Nylon Adjustable Harness Black,HARNESS1,1,0,1
Frontline Spray,DHF028,1,0,1
Nylon Adjustable Harness Blue,HARNESS2,1,0,1
Nylon Adjustable Harness Red,HARNESS3,1,0,1
Scalibor Tick Collar,DHS2100,,,
Nylon Adjustable Harness Purple,HARNESS4,1,0,1
Revolution for Cats,CHR002,1,1,1
Revolution Puppy & Kitten up to 2.5kgs 3pk,DHR0020,,,
Revolution Dog 2.5kgs-5kgs ,DHR004,1,1,1
Revolution Dog 5.1kgs-10kgs,DHR008,1,1,1
Revolution Dog 10.1kgs-20kgs,DHR012,1,1,1
Revolution Dogs 20.1kgs-40kgs,DHR016,1,1,1
Comfortis Chewable Flea Tablet  2.3kgs-4.5kgs 6pk,DHC2020,,,
Comfortis Chewable Flea Tablet 4.6kgs-9kgs 6pk,DHC2040,,,
Comfortis Chewable Flea Tablet 9.1kgs-18kgs 6pk,DHC2060,,,
Comfortis Chewable Flea Tablet 18.1kgs-27kgs 6pk,DHC2080,,,
Comfortis Chewable Flea Tablet 27.1kgs-54kgs 6pk,DHC2100,,,
Black Hawk Dog Lamb & Rice,DPB010,1,1,1
Nylon Adjustable Harness Pink,HARNESS5,1,0,1
Black Hawk Dog Chicken & Rice,DPB006,1,1,1
Padded Nylon AdjustableHarness Black ,HARNESS6,1,0,1
Padded Nylon Adjustable Harness Blue,HARNESS7,1,0,1
Black Hawk Puppy Lamb & Rice,DPB002,1,1,1
Padded Nylon Adjustable Harness Red,HARNESS8,1,0,1
Black Hawk Dog Fish & Potato,DPB014,1,1,1
Black Hawk Dog Grain Free Chicken & Rice ,DPB050,1,1,1
Roadie Safety Car Harness,HARNESS9,1,0,1
Black Hawk Dog Grain Free Beef,DPB05,1,1,1
Black Hawk Dog Grain Free Lamb,DPB051,1,1,1
Black Hawk Holistic Seafood & Rice Feline ,CPB011,1,1,1
Black Hawk Holistic Chicken & Rice Feline,BHFC001,1,1,1
Black Hawk Grain Free Chicken ,CPB031,1,0,1
Panoramis Chewable Tablet for Dogs 2.3kgs-4.5kgs,DHP1020,,,
Panoramis Chewable Table for Dogs 4.6kgs-9kgs,DHP1040,,,
Panoramis Chewable Tablet for Dogs 9.1kgs-18kgs,DHP1060,,,
Panoramis Chewable Tablet for Dogs 18.1kgs-27kgs,DHP1080,,,
Panoramis Chewable Tablet for Dogs 27.1kgs-45kgs,DHP1100,,,
Puppy Collar Elastic Pink,16792,,,
Puppy Collar Elastic Blue ,16793,,,
Puppy Collar Suede Black,16791,,,
PETLIFE Fashion Puppy Collar Paisley Pink ,17290,,,
PETLIFE Fashion Puppy Collar Pup That Pink,17291,,,
PETLIFE Fashion Puppy Collar Holky Polky,17293,,,
PETLIFE Fashion Puppy Collar Swiss Swatch,17294,,,
PETLIFE Fashion Puppy Collar Cosmo Black ,17295,,,
PETLIFE Fashion Puppy Collar I See You Puppy ,17297,,,
PETLIFE Fashion Puppy Collar Spring Time,17298,,,
PETLIFE Fashion Puppy Collar Platinum,17299,,,
Fashion Puppy Collar Golden Glamour,17300,,,
Fashion Puppy Collar Silver Glamour,17301,,,
Fashion Puppy Collar Canary Pie,17303,,,
Fashion Puppy Collar Silver Lining,17304,,,
Fashion Puppy Collar Water Baby,17305,,,
Cat Collar Elastic Pink,16782,,,
Cat Collar Elastic Blue,16783,,,
Cat Collar Suede Black,16781,,,
Eukanuba Puppy Chicken Small Breed,DPE0001,1,0,1
Fashion Cat Collar Glitzy Blue,17306,,,
Fashion Cat Collar Cupcake,17307,,,
Fashion Cat Collar Fish Bowl Pink,17308,,,
Fashion Cat Collar She Gone Wild,17309,,,
Eukanuba Puppy Chicken Medium Breed ,DPE0002,1,0,1
Eukanuba Puppy Chicken Large Breed,DPE0003,1,0,1
Sentinel Spectrum Chewable Tablet for Dogs up to 4kgs,DHS002,1,1,1
Sentinel Spectrum Chewable Tablet for Dogs 4.1kgs-11kgs,DHS006,1,1,1
Sentinel Spectrum Chewable Tablet for Dogs 11.1kgs-22kgs,DHS010,1,1,1
Eukanuba Adult Chicken Small Breed,DPE0004,1,0,1
Sentinel Spectrum Chewable tablet for Dogs 22.1kgs-45kgs,DHS014,1,1,1
Eukanuba Adult Chicken Medium Breed,DPE0005,1,0,1
Eukanuba Adult Chicken Large Breed,DPE0006,1,0,1
Quit Itch Shampoo and Lotion,DHP316,1,0,1
Hoss Gloss Medicated Shampoo,DGT020,1,0,1
Fashion Cat Collar I See Fish,17311,,,
Fashion Cat Collar He Gone Wild,17312,,,
Eukanuba Adult Weight Control Small Breed,DPE0007,1,0,1
Fashion Cat Collar Glitter Paws,17313,,,
Fashion Cat Collar Fireman Red,17314,,,
Fashion Cat Collar Silver Alley Cat,17315,,,
Fashion Cat Collar Matrix,17316,,,
Fashion Cat Collar Shazam,17317,,,
Fashion Cat Collar Sassy White,17318,,,
Fashion Cat Collar Mai Style,17319,,,
Fashion Cat Collar I Dream in Purple,17320,,,
Eukanuba Adult Weight Control Medium Breed,DPE0008,1,0,1
Fashion Cat Collar Africa Wild,17321,,,
Eukanuba Adult Weight Control Large Breed,DPE0009,1,0,1
PETLIFE QuickFit Muzzle ,MUZZLE1,1,0,1
PETLIFE Baskerville Muzzle ,MUZZLE2,1,0,1
Eukanuba Mature & Senior Chicken Small Breed,DPE0010,1,0,1
Eukanuba Mature & Senior Chicken Medium Breed,DPE0011,1,0,1
Eukanuba Mature & Senior Chicken Large Breed,DPE0012,1,0,1
PETLIFE Matt Breaker,09039,,,
Eukanuba Adult Daily Care Sensitive Skin ,DPE0014,1,0,1
PETLIFE Rotating Pin Comb,09036,,,
PETLIFE Undercoat Rake,09027,,,
Eukanuba Adult Daily Care Sensitive Joints ,DPE0016,1,0,1
PETLIFE Undercoat Comb,09038,,,
Eukanuba Adult Daily Care Sensitive Digestion ,DPE0018,1,0,1
PETLIFE Flexi Combo Slicker Brush for Puppies,09035,,,
PETLIFE Self Cleaning Slicker Brush ,09033,,,
Eukanuba Adult Daily Care Senior 9+,DPE0013,1,0,1
SHEDEZE Deshedding Tool,SHED1,1,0,1
PETLIFE Flea Control Comb,09037,,,
PETLIFE Face Scissors & Comb Set,09045,,,
PETLIFE Grooming Scissors,09043,,,
PETLIFE Thinning Scissors,09044,,,
SHEDEZE Deshedding Blade,09047,,,
PETLIFE Shiny Coat Combo Brush,09028,,,
PETLIFE Nail Clippers,09040,,,
PETLIFE Guillotine Nail Clippers ,09041,,,
PETLIFE Shiny Coat Porcupine Brush ,09029,,,
PETLIFE Slicker Brush,BRUSH1,1,0,1
PETLIFE Flexi Combo Slicker Brush for Cats,09034,,,
PETLIFE Soap Dispensing Massage Brush,09042,,,
Royal Canin Cat Ageing +12 2kgs,CPR0355,,,
Eukanuba Healthy Extras Adult Maintenance Treats,DTE0080,,,
Eukanuba Healthy Extras Adult Large Breed Maintenance Treats,DTE0060,,,
Eukanuba Healthy Extras Puppy Treats,DTE0020,,,
Eukanuba Healthy Extras Weight Control Treats,DTE0100,,,
Eukanuba Healthy Extras Adult Small Breed Treats,DTE0040,,,
Royal Canin Cat Babycat 2kgs,CPR0020,,,
Royal Canin Cat British Short Hair ,14000,1,1,1
Royal Canin Cat Exigent,ROYEXI,1,1,1
Royal Canin Cat Exigent Protein 2kgs,CPR0140,,,
Royal Canin Cat Exigent Aroma 2kgs,CPR0120,,,
Royal Canin Cat Fit,ROY456,1,1,1
Pro Plan Senior Chicken & Rice,PRODOG11,1,0,1
Royal Canin Cat Indoor,ROY567,1,1,1
Royal Canin Cat Intense Hairball,ROY678,1,1,1
Royal Canin Cat Kitten,ROY890,1,1,1
Royal Canin Cat Indoor Mature,ROY011,1,1,1
Royal Canin Cat Light,ROY013,1,1,1
Royal Canin Cat Maine Coon,ROY014,1,1,1
Royal Canin Cat Oral Sensitive ,ROY017,1,1,1
Royal Canin Cat Persian,ROY018,1,1,1
Royal Canin Cat Ragdoll 2kgs,CPR0626,,,
Royal Canin Cat Sensible,ROY019,1,1,1
Royal Canin Cat Siamese,ROY022,1,1,1
Eukanuba Adult Jogging & Agility,DPE0022,1,0,1
Eukanuba Adult Working and Endurance,DPE0026,1,0,1
Eukanuba Dog Adult Dachshund,DPE1225,,,
Eukanuba Adult Cocker Spaniel Chicken,DPE0029,1,0,1
Eukanuba Adult German Shepherd Chicken,DPE0029+,1,0,1
Eukanuba Adult Labrador Retriever Chicken,DPE0031,1,0,1
Eukanuba Adult Rottweiler,DPE0033,1,0,1
Eukanuba Adult Boxer 12kg,DPE1420,,,
Eukanuba Adult Golden Retriever Chicken 12kg,DPE1440,,,
Eukanuba Puppy Entr_e with Fresh Chicken & Rice 374g x 12 pack,DPE1600,,,
Eukanuba Puppy Mixed Grill with Chicken & Beef 349g x 12 pack,DPE1720,,,
Eukanuba Adult Entr_e with Fresh Chicken & Rice 374g x 12 pack,DPE1620,,,
Eukanuba Adult Entr_e with Beef & Rice 374g x 12 pack,DPE1640,,,
Eukanuba Adult Entr_e with Lamb & Rice 374g x 12 pack,DPE1660,,,
Eukanuba Adult Entr_e with Turkey & Rice 374g x 12 pack,DPE1680,,,
Eukanuba Adult  Mixed Grill with Chicken & Beef 374g x 12 pack,DPE1700,,,
Eukanuba Adult  Dinner with Chicken in Gravy 349g x 12 pack,DPE1740,,,
Eukanuba Adult  Hearty Stew with Beef & Vegetables in Gravy 349g x 12 pack,DPE1760,,,
Eukanuba Adult  Mixed Grill with Chicken & Beef in Gravy 349g x 12 pack,DPE1780,,,
Eukanuba Kitten Chicken Formula,CPE0001,1,0,1
Eukanuba Adult Rich In Chicken With Liver,CPE0002,1,0,1
Eukanuba Adult Weight Control,CPE0135,,,
Eukanuba Adult Hairball Relief For Indoor Cats,CPE0003,1,0,1
Eukanuba Mature Care for Senior Cats,CPE0004,1,0,1
Royal Canin Cat Pouch AGE +12  12x85g Jelly,CPR0805,,,
Royal Canin Cat Pouch AGE +12  12 x 85g Gravy,YD635,,,
Royal Canin Cat Pouch INTENSE BEAUTY  12x85g Gravy,CPR0740,,,
Royal Canin Cat Pouch INTENSE BEAUTY 12x85g Jelly,CPR0745,,,
Royal Canin Cat Pouch DIGEST SENSITIVE 12x85g Gravy,CPR0780,,,
Royal Canin Cat Pouch INSTINCTIVE +7  12x85g Gravy,CPR0720,,,
Royal Canin Cat Pouch INSTINCTIVE +7  12x85g  Jelly,CPR0725,,,
Royal Canin Cat Pouch INSTINCTIVE 12x85g Jelly,CPR0700,,,
Royal Canin Cat Pouch INSTINCTIVE 12x85g Gravy,CPR0680,,,
Royal Canin Cat Pouch KITTEN 12x85g Jelly,CPR0665,,,
Royal Canin Cat Pouch KITTEN 12x85g Gravy,CPR0660,,,
Royal Canin Cat Pouch ULTRA LIGHT 12x85g Gravy,CPR0760,,,
Royal Canin Cat Pouch ULTRA LIGHT 12x85g Jelly,CPR0765,,,
Royal Canin Dog BEAGLE,ROYBEA,1,1,1
Royal Canin Dog BOXER Adult,ROYBOX,1,1,1
Royal Canin Dog BOXER Junior ,ROYBOJ,1,1,1
Iams Proactive Health Kitten & Junior,CPI0001,1,0,1
Royal Canin Dog CAVALIER KING CHARLES,ROYKIN,1,1,1
Royal Canin Dog COCKER SPANIEL,ROYCOC,1,1,1
Iams Proactive Health Adult Chicken,CPI0888,1,0,1
Iams Proactive Health Adult Ocean Fish with Rice,CPI00022,1,0,1
Iams ProActive Health Adult Indoor Weight & Hairball Care,CPI0006,1,0,1
Iams ProActive Health Adult Hairball Care,CPI0007,1,0,1
Iams ProActive Health Adult Light/Sterilised,CPI0008,1,0,1
Iams ProActive Health Adult Mature/Senior Chicken,CPI0011,1,0,1
Royal Canin Dog DACHSHUND 1.5kgs,DPR1220,,,
Royal Canin Dog FRENCH BULLDOG 3kgs,DPR1240,,,
Royal Canin Dog GERMAN SHEPARD Adult ,ROYGER,1,1,1
Royal Canin Dog GERMAN SHEPARD Junior 12kgs,DPR1540,,,
Royal Canin Dog GIANT Puppy 15kgs,DPR1060,,,
Royal Canin Dog GIANT Junior 15kgs,DPR1080,,,
Royal Canin Dog GIANT Adult 15kgs,DPR1100,,,
Royal Canin Dog GOLDEN RETRIEVER Adult 3kgs,DPR1640,,,
Royal Canin Dog GOLDEN RETRIEVER Adult 12kgs,DPR1660,,,
Royal Canin Dog GOLDEN RETRIEVER Adult ,ROYGOLD,1,1,1
Royal Canin Dog GOLDEN RETRIEVER Junior ,ROYGOL,1,1,1
Royal Canin Dog JACK RUSSELL 3kgs,DPR1315,,,
Royal Canin Dog LABRADORS Retriever Adult,ROYLAB,1,1,1
Royal Canin Dog LABRADOR RETRIEVER Junior ,ROYLJU,1,1,1
Royal Canin Dog MAXI Adult,ROYMAX,1,1,1
Royal Canin Dog MAXI 5+ Adult 15kgs,40893,,,
Royal Canin Dog MAXI AGEING 8+ 15kgs,DPR0840,,,
Royal Canin Dog MAXI Junior ,ROYMAX.,1,1,1
Royal Canin Dog MAXI DERMA,ROYDER,1,1,1
Royal Canin Dog MAXI LIGHT ,ROYLIG,1,1,1
Royal Canin Dog MEDIUM Adult ,ROYMED,1,1,1
Royal Canin Dog MEDIUM AGEING 7+,ROYAGE,1,1,1
Royal Canin Dog MEDIUM DERMA,ROYMDER,1,1,1
Royal Canin Dog MEDIUM Junior ,ROYMJU,1,1,1
Royal Canin Dog MEDIUM LIGHT,ROYMLI,1,1,1
Royal Canin Dog MEDIUM Sensible,ROYMSEN,1,1,1
Iams ProActive Health Adult Mature/Senior Hairball,CPI0016,1,0,1
Iams Pouch Kitten 100g x 22 pack,CPI0700,,,
Iams Pouch Adult Chicken 100g x 22 pack,CPI0720,,,
Iams Pouch Adult Salmon 100g x 22 pack,CPI0740,,,
Iams Pouch Adult Tuna 100g x 22 pack,CPI0760,,,
Iams Pouch Active Maturity 100g x 22 pack,CPI0780,,,
Royal Canin Dog MINI Adult,ROYMINI,1,1,1
Royal Canin Dog MINI DERMACOMFORT 2kgs,DPR0220,,,
Royal Canin Dog MINI Junior ,ROYMIJU,1,1,1
Royal Canin Dog MINI Light 2kgs,DPR0160,,,
Royal Canin Dog MINI MALTESE 1.5kgs,DPR1260,,,
Royal Canin Dog MINI Mature 8+ 2kgs,DPR0120,,,
Royal Canin Dog PUG Adult 3kgs,DPR1380,,,
Royal Canin Dog MINI SCHNAUZER Adult,ROYSCH,1,1,1
Royal Canin Dog MINI Sensible,ROYSEN,1,1,1
Royal Canin Dog POODLE 1.5kgs,DPR1320,,,
Royal Canin Dog POODLE ,ROYPOO,1,1,1
Royal Canin Dog ROTTWEILER 12kgs,DPR1760,,,
Royal Canin Dog SHIH TZU 1.5kgs,DPR1400,,,
Royal Canin Dog WEST HIGHLAND TERRIER Adult 3KGS,DPR1440,,,
Royal Canin Dog MINI Junior 195g x 12 Can,AKR62,,,
Royal Canin Dog MINI Beauty 195g x 12 Can,AKR72,,,
Royal Canin Dog MINI Light 195g x 12 Can,AKR84,,,
Royal Canin Dog MINI Mature 8+ 195g x 12 Can,AKR98,,,
Vetafarm Maintenance Pellets,VETMAIN,1,0,1
Vetafarm Nectar Pellets,VETNECT,1,0,1
Vetafarm South American Mix,VETSOU,1,0,1
Vetafarm Superior Egg and Biscuit,VETEGG,1,0,1
Vetafarm Nutriblend Pellets Small,VETSMA,1,0,1
Vetafarm Nutriblend Pellets Mini,VETMIN,1,0,1
Vetafarm Paradise Pellets,VETPAR,1,0,1
Vetafarm Macaw Nuts,VETMAC,1,0,1
Vetafarm Breeder Pellets,VETBRE,1,0,1
Vetafarm Hand Rearing Food,VETHAN,1,0,1
Iams ProActive Health Puppy and Junior Small/Medium Breed 3kg,DPI0015,,,
Iams ProActive Health Puppy and Junior Large Breed,DPI0099,1,0,1
Iams ProActive Health Adult Small/Medium Breed,DPI0003,1,0,1
Iams ProActive Health Adult Medium Breed Chunks,DPI0012,1,0,1
Iams ProActive Health Adult Large Breed ,DPI0013,1,0,1
Iams ProActive Health Adult Light/Sterilised ,DPI0014,1,0,1
Iams ProActive Health Adult Mature/Senior,DPI0016,1,0,1
Vetafarm Calcivet ,VETCAL,1,0,1
Vetafarm Breeding Aid 1ltr,BHV0200,,,
Vetafarm Wormout Gel,VETWORM,1,0,1
Vetafarm Triple C 100g,BHV1880,,,
Vetafarm Neocare ,VETNEO,1,0,1
Vetafarm Coccivet,VETCOC,1,0,1
Science Diet Feline Adult Perfect Weight,CPS0029,1,1,1
Hill's Science Diet Feline Kitten Liver & Chicken Entr_e 156g x 24 pack,CPS0540,,,
Science Diet Feline Adult Savory Seafood Entr_e 156g x 24 pack,CPS0640,,,
Science Diet Feline Adult Gourmet Turkey Entr_e 156g x 24 pack,CPS0660,,,
"Holistic Select Puppy Anchovy, Sardine & Chicken ",HOL1,1,0,1
Science Diet Feline Adult Hairball Control Savory Chicken Entr_e 156g x 24 pack,CPS0680,,,
Science Diet Feline Adult Indoor Cat Savory Chicken Entr_e 156g x 24 pack,CPS0700,,,
Science Diet Feline Adult Light Liver & Chicken Entr_e 156g x 24 pack,CPS0720,,,
Holistic Select Puppy Large Breed Lamb & Oatmeal,HOL2,1,0,1
Hill's Science Diet Feline Adult Perfect Weight Chicken & Liver 82g x 24 pack,CPS0730,,,
Science Diet Feline Mature Gourmet Turkey Entr_e 156g x 24 pack,CPS0820,,,
Holistic Select Adult Chicken & Rice ,HOL3,1,0,1
Holistic Select Adult Duck Meal,HOL4,1,0,1
Holistic Select Lamb Meal,HOL5,1,0,1
Hill's Science Diet Senior 11+ Small & Toy Breed,DPS0066,1,1,1
"Holistic Select Adult Anchovy, Sardine & Salmon ",HOL9,1,0,1
Holistic Select Adult Large & Giant Breed Chicken & Rice 13.60kg,DPE3500,,,
"Holistic Select Adult Small Breed Anchovy, Sardine & Chicken 2.72kg",DPE3440,,,
"Holistic Select Puppy Small Breed Anchovy, Sardine & Chicken 2.72kg",DPE3420,,,
Holistic Select Senior Chicken & Rice ,HOL11,1,0,1
Holistic Select Weight Management Chicken & Peas,HOL12,1,0,1
"Holistic Select Grain Free Adult & Puppy Salmon, Anchovy & Sardine ",HOL13,1,0,1
Science Diet Adult Healthy Mobility,DPS0360,,,
Science Diet Adult Active/High Energy 22.6kg,DPS0380,,,
Hill's Science Diet Adult Perfect Weight,DPS0068,1,1,1
Advance Puppy Plus Rehydratable Toy Small Breed - Chicken,DPA0001,1,1,1
Advance Puppy Plus Growth All Breed - Chicken,DPA0002,1,1,1
Advance Puppy Plus Growth Large + Breed - Chicken,DPA0003,1,1,1
Advance Adult Total Wellbeing All Breed - Chicken,DPA0004,1,1,1
Oz Pet Cat & Pet Litter,OZPET,1,0,1
Breeders Choice Cat Litter,BRECAT,1,0,1
Advance Adult Total Wellbeing All Breed - Lamb & Rice,DPA0006,1,1,1
Advance Adult Total Wellbeing All Breed - Turkey & Rice,DPA0007,1,1,1
Love Em Beef Liver Treat 250g,DTL1060,,,
Advance Adult Total Wellbeing Toy/Small Breed - Turkey & Rice,DPA0008,1,1,1
Advance Adult Total Wellbeing Toy/Small Breed - Lamb & Rice,DPA0009,1,1,1
Advance Adult Total Wellbeing Large + Breed - Chicken,DPA0011,1,1,1
"Love Em Linseed, Soy & Rosemary Liver Cookies 450g",DTL1260,,,
Advance Adult Active All Breed - Chicken ,DPA0012,,1,
Advance Adult Weight Control Toy/Small Breed - Chicken,DPA0013,1,1,1
Advance Adult Weight Control All Breed - Chicken,DPA0014,1,1,1
Advance Adult Weight Control Large + Breed - Chicken,DPA0016,1,1,1
Advance Mature All Breed - Chicken,DPA0017,1,1,1
Advance Adult Dental Smal/Medium Breed - Chicken,DPA0018,1,1,1
Advance Adult Dental Large + Breed - Chicken,DPA0019,1,1,1
Advance Adult Dermacare All Breed - Tuna & Rice,DPA0021,1,1,1
Love Em Lamb & Mint Liver Cookies 450g,DTL1280,,,
Love Em Soy & Wholemeal Cookies 450g,DTL1240,,,
Love Em Purrfect Cat Chicken Treats 90g,CTL0040,,,
Love Em Purrfect Cat Beef Treats 90g,CTL0020,,,
Love Em Liver Pantry Pack 270g,DTL1080,,,
Love Em Pork Liver Treats 100g,DTL1100,,,
Kong Cat Active Aquarium,CAK2660,,,
Kong Cat Play Mat,CAK2640,,,
Kong Cat Treat Cone,CAK2655,,,
Kong Cat Active Scatch Apple,CAK2610,,,
Kong Cat Zoom Groom,CA50000,,,
Kong Cat Crinkle Ball w/Feathers,CAK2230,,,
Kong Cat Crinkle Caterpillars,CAK2240,,,
Kong Cat Naturals Catnip Spray 60g,CAK2310,,,
Kong Cat Chase It,DAK5515,,,
Advance Kitten Growth Plus - Chicken,CPA0001,1,1,1
Advance Adult Total Wellbeing - Chicken,CPA0002,1,1,1
Advance Adult Total Wellbeing - Fish,CPA0003,1,1,1
Advance Adult Light - Chicken,CPA0004,1,1,1
Advance Adult Indoor - Tuna 3kg,CPA0360,,,
Advance Adult Dental - Chicken 3kg,CPA0320,,,
Advance Mature - Fish ,CPA0009,1,1,1
Advance Adult Hairball - Chicken 3kg,CPA0340,,,
Nutro Natural Choice Puppy- Chicken & Rice,DPN0001,1,1,1
Nutro Natural Choice Kitten Wholesome Essentials - Chicken,CPN0001,1,1,1
Kong Cat Active Moppy Ball w/Feathers,CAK2190,,,
Kong Cat Refillables Squirrel,CAK2120,,,
Kong Cat Active Treat ball,CAK2025,,,
Kong Cat Naturals Mice 2pk,CAK2250,,,
Kong Cat Softies Owl,CAK2710,,,
Kong Cat Softies Patchwork Teddy Bear,CAK2720,,,
Kong Cat Active Swizzle Bird,CAK2160,,,
Kong Cat Active Wild Tails,CAK2170,,,
Nutro Natural Choice Adult Wholesome Essentials - Chicken,CPN0002,1,1,1
Nutro Natural Choice Adult Wholesome Essentials - with Salmon,CPN0003,1,1,1
"Nutro Natural Choice Puppy - Chicken, Rice & Oatmeal 400g x 12 pack",DPN0420,,,
Nutro Natural Choice Puppy - Lamb & Rice 400g x 12 pack,DPN0440,,,
"Nutro Natural Choice Adult - Chicken, Rice & Oatmeal 400g x 12 pack",DPN0460,,,
Nutro Natural Choice Adult - Lamb & Rice 400g x 12 pack,DPN0480,,,
Nutro Natural Choice Adult Lite - Lamb & Rice 400g x 12 pack,DPN0500,,,
Urine Off Dog & Puppy,URIDOG,1,0,1
Urine Off Cat & Kitten,URICAT,1,0,1
Urine Free,URIFRE,1,0,1
Di Vetelact ,DIVETE,1,0,1
Nutro Natural Choice Puppy Large Breed - Chicken & Rice,DPN0003,1,1,1
Holistic Select Lamb Recipe Cans 12X396G,DPE3660,,,
Nutro Natural Choice Adult Wholesome Essentials - Chicken & Rice,DPN0004,1,1,1
Nutro Natural Choice Adult Wholesome Essentials - Lamb & Rice,DPN0006,1,1,1
Holistic Select Liver & Chicken Recipe Cans 12X396G ,DPE3640,,,
Holistic Select Puppy Chicken Recipe Cans 12X396G ,DPE3600,,,
Holistic Select Cat Chicken & Lamb Recipe Cans 24x156g,CPE1320,,,
Holistic Select Cat Duck & Chicken Recipe Can 24x156g,CPE1340,,,
Holistic Select Cat Ocean Fish & Tuna Recipe Can 24x156g,CPE1360,,,
Holistic Select Cat Salmon & Shrimp Recipe Can 24x156g,CPE1380,,,
Holistic Select Cat Turkey & Barley Recipe Can 24x156g,CPE1300,,,
Holistic Select Cat Adult & Kitten Chicken ,HOLKIT,1,0,1
Holistic Select Cat Adult Anchovy & Sardine and Salmon Meal,HOLANCH,1,0,1
Holistic Select Cat Adult Duck Meal,HOLDUC,1,0,1
Holistic Select Grain Free Cat Indoor/Weight Control,HOLGRA,1,0,1
Snooza Catpole Replacement Covers Small Assorted Colours,SNOCOV,1,0,1
Snooza Catpole Replacement Covers Large Assorted Colours,SNOCOVL,1,0,1
Snooza Cat Scratching Pole Small 50cm Assorted Colours,SNOSMA,1,0,1
Snooza Cat Scratching Pole Large 70cm,SNOLRG,1,0,1
Snooza Futon Mini Assorted Colours,SNOFUT,1,0,1
Snooza Futon Original Assorted Colours,SNOORI,1,0,1
Snooza Futon Mighty Assorted Colours,SNOMIG,1,0,1
Pro Plan Kitten Chicken Liver Classic 85g x 24,CPP1000,,,
Pro Plan Kitten Ocean Whitefish & Tuna 85g x 24,11051306,,,
Nutro Natural Choice Adult Wholesome Essentials Large Breed - Chicken & Rice,DPN0016,1,1,1
Nutro Natural Choice Adult Weight Management Lamb & Rice,DPN0017,1,1,1
Pro Plan Adult Cat Beef & Carrots 24x85g,11059987,,,
Advance Puppy Plus Growth - Chicken & Rice 12 Pack,DPA0081,1,1,1
Advance Puppy Plus Growth - Lamb & Rice 410g x 12 Pack,DPA1510,,,
Advance Adult All Breed - Chicken  & Turkey 12 Pack,DPA0071,1,1,1
Pro Plan Adult Cat Chicken and Rice in Gravy 85gx24,CPP1005,,,
Advance Adult All Breed - Chicken  & Salmon 12 Pack,DPA0076,1,1,1
PRO PLAN Adult Cat Ocean Whitefish & Salmon Classic  85g x 24 ,CPP1010,,,
Advance Adult All Breed - Casserole with Chicken 12 Pack,DPA0079,1,1,1
PRO PLAN Adult Cat Tuna Entree Gravy  85g x 24 ,CPP1015,,,
Advance Adult All Breed - Casserole with Lamb 400g x 12 Pack,DPA1550,,,
PRO PLAN Adult Cat Chicken Liver Classic 85g x 24 ,CPP1020,,,
PRO PLAN Adult Cat Turkey Giblets Ground 85g x 24 ,CPP1025,,,
PRO PLAN Senior Cat 11+ Salmon & Tuna Entree 85g x 24 ,CPP1030,,,
PRO PLAN Adult Cat Urinary Tract Health Formula Chicken Entree 85g x 24 ,CPP1035,,,
Advance Adult Sensitive All Breed - Chicken & Rice 12 Pack,DPA0084,1,1,1
PRO PLAN Focus Weight Management Turkey and Rice Entrée - Ground 85g x 24 ,CPP1040,,,
Advance Adult Weight Control All Breed - Chicken & Rice 12 Pack,DPA0086,1,1,1
PRO PLAN Savor Salmon and Rice Entrée - in Sauce 85g x 24 ,CPP1045,,,
PRO PLAN Savor Chicken Entrée - Chunky 85g x 24 ,CPP1050,,,
PRO PLAN Savor Chicken Entrée with Tomatoes - Braised in Gravy 85g x 24 ,CPP1060,,,
PRO PLAN Savor Sole Entrée with Spinach - Braised in Gravy 85g x 24 ,CPP1075,,,
Advance Kitten Tender Chicken Delight 7 x 85g Box,CPA0600I,,,
Advance Kitten Chicken & Salmon Medley 7 x 85g Box,CPA0610I,,,
Advance Adult Tender Chicken Delight 7 x 85g Box,CPA0620I,,,
Advance Adult with Succulent Turkey 7 x 85g Box,CPA0630I,,,
Advance Adult Chicken & Liver Medley 7 x 85g Box,CPA0640I,,,
Advance Adult Chicken & Salmon Medley 7 x 85g Box,CPA0650I,,,
Advance Adult with Delicate Tuna 7 x 85g Box,CPA0660I,,,
Greenies Canine Dental Chews Teenie,DTG0001,1,0,1
GREENIES Canine Dental Chews - Jumbo 4 Pack,DTG0200,,,
GREENIES Canine Dental Chews - Petite,DTG0002,1,0,1
GREENIES Canine Dental Chews- Regular,DTG0006,1,0,1
GREENIES Canine Dental Chews - Large,DTG0004,1,0,1
GREENIES Feline Dental Chews - Ocean Fish Flavour 85g,CTG0020I,,,
GREENIES Feline Dental Chews - Chicken Flavour 85g,CTG0040I,,,
Science Diet Puppy Gourmet Chicken Entree - 370g x 12 Pack,DPS0880,,,
Science Diet Adult  Gourmet Beef Entree - 370g x 12 Pack,DPS1000,,,
Science Diet Adult  Gourmet Chicken Entree - 370g x 12 Pack,DPS1020,,,
Science Diet Adult  Light with Liver - 370g x 12 Pack,DPS1040,,,
Science Diet Adult  Perfect Weight Chicken with Vegetables - 363g x 12 Pack,DPS1050,,,
Science Diet Mature - Gourmet Chicken Entree 370g x 12 Pack,DPS1120,,,
PRO PLAN Puppy Chicken and Rice Entree 368g x 12,11052087,,,
PRO PLAN Adult Dog Chicken & Rice Entree 368g x 12,11052090,,,
PRO PLAN Adult Dog Chicken & Vegetables Entree 368g x 12,11052547,,,
"PRO PLAN Adult Dog Sensitive Skin & Stomach, Salmon & Rice Formula 368g x 12",11050941,,,
PRO PLAN Adult Dog Lamb & Vegetables 368g x 12,DPP1020,,,
PRO PLAN Adult Dog Turkey & Vegetables 386g x 12,DPP1025,,,
PRO PLAN Adult 7+ Beef & Rice Entree 386g x 12,11052085,,,
"PRO PLAN Adult Dog Weight Management, Turkey & Rice 368g x 12",11050943,,,
Snooza Orthobed Small,SNOSMAL,1,0,1
Snooza Orthobed Large,SNOLRGE,1,0,1
Snooza Water Wallet Small,DAS4500,,,
Snooza Water Wallet Large,DAS4520,,,
Optimum Puppy - Chicken,DFO0001,1,1,1
Optimum Puppy Large Breed - Chicken 15kg,DFO0100,,,
Optimum Junior - Chicken 3kg,DFO0120,,,
Optimum Adult Small Breeds - Chicken,DFO0002,1,1,1
"Optimum Adult - Chicken, Rice & Vegetables ",DFO0003,1,1,1
Frontline Original for Cats 4pk,CHF0060,,,
Frontline Original for Small Dogs up to 10kgs 4pk,DHF0200,,,
Frontline Original for Medium Dogs 10-20kgs 4pk,DHF0220,,,
Frontline Original for Large Dogs 20-40kgs 4pk,DHF0240,,,
Frontline Original for X/Large Dogs 40-60kgs 4pk,DHF0260,,,
Schmacko's Marrabones Original 737g,DTS0940I,,,
Schmacko's Marrabones Mini 425G,DTS0920,,,
Schmacko's Stix Beef,SCHSTI,1,0,1
Schmacko's Strapz Beef ,SCHSTR,1,0,1
Schmacko's Strapz Liver ,DTS0100I.,1,0,1
Supercoat Adult Light & Mature ,SUPER1,1,0,1
Schmacko's Strapz Chicken,SCHCHI,1,0,1
"Optimum Adult - Beef, Rice & Vegetables ",DFO0008,1,1,1
"Optimum Adult Large Breed - Chicken, Vegetables & Rice",DFO0009,1,1,1
"Optimum Adult 7+ Light & Healthy - Chicken, Vegetables & Rice",DFO0011,1,1,1
Schmacko's Twirlz Beef & Liver ,SCHBEEF,1,0,1
Schmacko's Twirlz Chicken & Liver ,SCHCHI.,,,
Fenpral All Wormer for Dogs 10kgs 100's,DHF2520,,,
Fenpral All Wormer for Dogs 40kgs 50's,DHF2560,,,
"Optimum Adult 7+ - Chicken, Vegetables & Rice",DFO0012,1,1,1
"Optimum Puppy - Chicken, Vegetables & Rice 100g x 12",DFO0620,,,
Optimum Puppy - Chicken & Rice 700g x12,DFO0780,,,
"Optimum Adult - Salmon, Rice & Vegetables 100g x 12",DFO0680,,,
"Optimum Adult - Beef, Rice & Egg 700g x 12",DFO0800,,,
Optimum Adult - Lamb & Rice 700g x 12,DFO0820,,,
Optimum Adult - Healthy Weight Management with Chicken & Rice 680g x 12,DFO0840,,,
Drontal Puppy Worming Suspension 30ml,DHD0040,,,
Pedigree Dentastix for Small Dogs 110g (7),DTP0060I,,,
Pedigree Dentastix for Medium Dogs 180g (7),DTP0020I,,,
Pedigree Dentastix for Large Dogs 270g (7),DTP0080I,,,
Pedigree Dentastix for Large Dogs 1.08kg (28),DTP0160I,,,
Pedigree Dentastix for Medium Dogs 720g (28),DTP0120I,,,
Pedigree Dentastix for Small Dogs 440g (28),DTP0100I,,,
Optimum Kitten with Chicken 450g,CFO0020I,,,
Supercoat Adult Beef,SUPBEE,1,0,1
Optimum Adult with Tuna ,CFO0002,1,1,1
Supercoat Adult Chicken,SUPCHI,1,0,1
Supercoat Senior,SUPSEN,1,0,1
Supercoat Puppy,SUPPUP,1,0,1
Supercoat Puppy Large Breed,SUPLRG,1,0,1
Supercoat Sensitive,SUPSEV,1,0,1
Supercoat Adult Large Breed,SUPALRG,1,0,1
Supercoat Adult Active,SUPACT,1,0,1
Optimum Mature with Chicken 500g,CFO0120I,,,
Optimum Adult Oral Care with Chicken ,CFO0007,1,1,1
Optimum Adult Furball with Chicken ,CFO0009,1,1,1
Supercoat Kitten Chicken & Rice,SUPKIT,1,0,1
Supercoat Cat Adult Salmon & Tuna,SUPSAL,1,0,1
Supercoat Cat Senior Salmon 3.5kgs,CFS0220,,,
Supercoat Cat Indoor Chicken & Rice,SUPIND,1,0,1
Supercoat Cat Healthy Weight 3.5kgs,CFS0200,,,
Supercoat Cat Adult Furball 8kgs,CFS0240,,,
Profender Cat Spot On All Wormer 2.5kgs-5kgs 2pk,CHP0020,,,
Profender Cat Spot On All Wormer 5-8kgs 2pk,CHP0040,,,
Gentle Leader Head Collar Black,GENTBLK,1,0,1
Gentle Leader Head Collar Small Black,DAG0660,,,
Gentle Leader Head Collar Blue,GENTBLU,1,0,1
Gentle Leader Head Collar Red,GENTRED,1,0,1
Gentle Leader Head Collar Purple,GENTPUR,1,0,1
"PETLIFE Ultra-Tough, Flea Resistant Lounger Small",LOUSMA,1,0,1
"PETLIFE Ultra-Tough, Flea Resistant Lounger Medium",LOUMED,1,0,1
"PETLIFE Ultra-Tough, Flea Resistant Lounger Large",LOULRG,1,0,1
Purina PetLife Odour Resistant Mattress Assorted Sizes,PPMATGRE,1,0,1
Nutro Natural Choice Adult Sensitive Skin - Fish & Rice ,DPN0032,1,1,1
PETLIFE SHEDEZE Deshedding Shampoo for Dogs & Cats 500ml,09051,,,
PETLIFE SHEDEZE Deshedding Conditioner for Dogs & Cats 500ml,09052,,,
PETLIFE SHEDEZE Deshedding Spray for Dogs & Cats 250ml,09053,,,
PETLIFE Snuggle Bed Small Blue,9822,,,
PETLIFE Snuggle Bed Small Chocolate,9824,,,
KRAMAR Cat Litter Tray Jumbo,13402,,,
KRAMAR Cat Hooded Litter Tray,13426,,,
Car Restraint with Seat Belt Buckle Attachment,DAB0400 ,,,
KRAMAR Cat Litter Tray Medium,13531,,,
KRAMAR Cat Litter Tray Large,13532,,,
KRAMAR Stainless Steel Bowl Non-Skid 0.90ltr,45020,,,
KRAMAR Stainless Steel Spaniel Bowl Non-Skid 0.90ltr,45022,,,
KRAMAR Stainless Steel Bowl Non-Skid 1.80ltr,45023,,,
KRAMAR Stainless Steel Bowl Non-Skid 2.80ltr,45024,,,
KRAMAR Stainless Steel Ant Free Bowl 0.24ltr,45065,,,
KRAMAR Stainless Steel Ant Free Bowl 0.47ltr,45066,,,
KRAMAR Stainless Steel Ant Free Bowl 0.95ltr,45067,,,
KRAMAR Stainless Steel Ant Free Bowl 1.89ltr,45068,,,
KRAMAR Rubberised Base Bowl Medium 0.45ltr,45111,,,
KRAMAR Rubberised Base Bowl Large 0.95ltr,45112,,,
KRAMAR Rubberised Base Bowl XLge 1.80ltr,45113,,,
KRAMAR Stainless Steel Pet Dish 1.75ltr,77203,,,
KRAMAR Stainless Steel Pet Dish 2.80ltr,77204,,,
KRAMAR Stainless Steel Pet Dish 4.00ltr,77205,,,
PETLIFE House Training Mats-Pk10,25221,,,
PETLIFE House Training Mats-Pk30,25222,,,
PETLIFE House Training Mats - Pk50,25223,,,
ES Puppy Collar Leather Mixer,16790,,,
PETLIFE LS Studs Collar Diablo Red ,LSREDDIA,1,0,1
PETLIFE Rubber Belly Foxy,17550,,,
PETLIFE Rubber Belly Daisy,17552,,,
PETLIFE Rubber Belly Alvin,17553,,,
PETLIFE Squeaky Belly Donkey,17557,,,
PETLIFE Fluffless Wonder Duck,17559,,,
Frontline Plus for Cats 12pk,CHF0090,,,
Frontline Plus for Dogs 12pk Up to 10kgs Small,DHF0270,,,
Frontline Plus for Dogs 12pk 10-20kgs Medium,DHF0272,,,
Frontline Plus for Dogs 12pk 20-40kgs Large,DHF0274,,,
Frontline Plus for Dogs 12pk 40-60kgs Extra Large,DHF0276,,,
PETLIFE Fluffless Wonder Chicken,17560,,,
PETLIFE Fluffless Wonder Racoon,17562,,,
PETLIFE Fluffless Wonder Bird Brown,17563,,,
PETLIFE Fluffless Wonder Crocodile,17564,,,
PETLIFE Fluffy Floppy Dog,17621,,,
PETLIFE Quirky Bird Red,17622,,,
PETLIFE Solid Rubber Ring,17567,,,
PETLIFE Rubber Dumbbell,17569,,,
PETLIFE Atomic Ball,17572,,,
PETLIFE Multi Ring Chewers,17577,,,
PETLIFE Squawker,17579,,,
PETLIFE Treat Bone,17585,,,
PETLIFE Massager Bone,17587,,,
PETLIFE Massager Ring,17588,,,
PETLIFE All Tied Up Rope Bone,17590,,,
PETLIFE Chew N Squeak Monkey,17610,,,
PETLIFE Roper Rabbit,17611,,,
PETLIFE Leopard,17636,,,
PETLIFE Squeaky Latex Chicken Small,17637,,,
PETLIFE Squeaky Latex Chicken Large,17638,,,
PETLIFE Hypno Ball n Rope Small,17581,,,
PETLIFE Hypno Ball n Rope Large,17582,,,
PETLIFE Toss N Floss,17589,,,
PETLIFE Dura Tug,17593,,,
PETLIFE Dura Fetch,17594,,,
PETLIFE Little Piggy Tugger,17598,,,
PETLIFE Sling Ball Small,17634,,,
PETLIFE Sling Ball Medium,17635,,,
PETLIFE Sponge Dumbbell,17673,,,
PETLIFE Play Systems Treat Ball Small,17627,,,
PETLIFE Play Systems Treat Ball Large,17628,,,
PETLIFE Play Systems Dog Magic,17662,,,
PETLIFE Play Systems Dog Spinny,17663,,,
PETLIFE Play Systems Dog Treat Maze,17665,,,
PETLIFE Play Systems Buster Dog Maze,17666,,,
PETLIFE Wee Pads 7 Pack,WEE1,,,
PETLIFE Wee Pads 12 x Packs of 7 (84 Pads) ,WEE2,,,
PETLIFE Wee Pads 48 x Packs of 7 (336 Pads),WEE3,,,
PETLIFE Tennis Ball Mini ,17631-1,,,
PETLIFE Tennis Ball Medium,17632-S,,,
PETLIFE Tennis Ball Large,17633-S,,,
PETLIFE Sports Ball Medium,17629-S,,,
PETLIFE Squeaky Fur Rat,17646-S,,,
PETLIFE Squeaky Fur Mouse ,17647-S,,,
PETLIFE Raindow Mouse ,17654-S,,,
PETLIFE Tartan Ball,17656-S,,,
PETLIFE Play Systems Pyramid Treat Dispenser,17659,,,
PETLIFE Chirp N Pounce,17660-S,,,
PETLIFE Play Systems Cat Maze,17664,,,
PETLIFE Essential Puppy Collar Leather ,16790SET,1,0,1
PETLIFE Dual Bell Leather Cat Collar ,16780-SET,1,0,1
PETLIFE Ruffled Cat Collar,17310-SET,1,0,1
PETLIFE Ruffled Puppy Collar,17296-SET,1,0,1
PETLIFE Bubblegum Puppy Collar,17292,,,
PETLIFE Spiral TieOut Stake,16828,,,
PETLIFE Dome TieOut Stake,16829,,,
PETLIFE Hurricane TieOut Stake,16830,,,
PETLIFE TieOut Cable Medium Duty 3m,16824,,,
PETLIFE TieOut Cable Medium Duty 6m,16826,,,
PETLIFE TieOut Cable Medium Duty 9m,16827,,,
PETLIFE TieOut Cable Heavy Duty 4.5m,16825,,,
PETLIFE TieOut Cable Trolley Set 15m,16831,,,
PETLIFE Jewels Retractable Lead ,16836,,,
PETLIFE Action Retractable Lead ,16842,,,
PETLIFE Halti Lead 15mmX2m,16868,,,
PETLIFE Halti Lead 25mmX2m,16869,,,
PETLIFE Pet Corrector Spray,16875,,,
PETLIFE LS Studs Collar Punk Black,STUDSPB,1,0,1
PETLIFE Studs Lead Diablo Red,17221,,,
PETLIFE Action Lead Orange 150cm,17275,,,
PETLIFE Tri-Star Chewer,17586,,,
Royal Canin Cat Outdoor 2kg,CPR0345,,,
KONG Quest Bone,QUESTBONE1,1,0,1
Nexgard for Very Small Dogs 2.1-4kgs,NEXSML,1,1,1
Nexgard for Small Dogs 4.1-10kg,NEXMED,1,1,1
Nexgard for Medium Dogs 10.1-25kg,NEXLRG,1,1,1
Nexgard for Large Dogs 25.1-50kg ,NEXXL,1,1,1
Vets All Natural Health Chew Training Treat 275g,DHC7135,,,
Vets All Natural Dry Pet Shampoo 100g,DHV7000,,,
Vets All Natural Flax Seed Oil 200mL,DHV7005,,,
Vets All Natural Flax Seed Oil 500mL,DHV7010,,,
Vets All Natural Health Booster 250g,DHV7015,,,
Vets All Natural Health Booster 500g,DHV7020,,,
Vets All Natural Health Booster 1kg,DHV7025,,,
Vets All Natural Health Booster 3kg,DHV7030,,,
Vets All Natural Joint Formula 250g,DHV7033,,,
Vets All Natural Joint Formula 500g,DHV7035,,,
Vets All Natural Joint Formula 1kg,DHV7040,,,
Vets All Natural Joint Formula 3kg,DHV7045,,,
Vets All Natural Pet Shampoo,DHV7055,,,
Vets All Natural Omega Blend 200mL,DHV7060,,,
Revolution for Cats 2.6-7.5kg 6 Pk Flea Worming Spot On Prevention Zoetis Blue,-cats-2-6-7-5kg-6-pk-flea-worming-spot-on-prevention-zoetis-blue,,,
Revolution for Dogs 2.6-5kg 6 Pk Flea Wormer Spot On Prevention Zoetis Purple,r-dogs-2-6-5kg-6-pk-flea-wormer-spot-on-prevention-zoetis-purple,,,
Interceptor Spectrum Worming Chew for Large Dogs (22-45kg) 6PK Blue Novartis,spectrum-worming-chew-for-large-dogs--22-45kg--6pk-blue-novartis,,,
Merial Frontline Original for Cat 4 Pack Flea Spot On Prevention Green,-frontline-original-for-cat-4-pack-flea-spot-on-prevention-green,,,
Nexgard for Dogs Medium (4-10kg) Flea Tick Monthly Chew Blue Merial 6 Pack,r-dogs-medium--4-10kg--flea-tick-monthly-chew-blue-merial-6-pack,,,
Sentinel Spectrum for Dogs Large 22-45kg Flea Heart AllWorm Chew Blue 6PK,spectrum-for-dogs-large-22-45kg-flea-heart-allworm-chew-blue-6pk,,,
Sentinel Spectrum for Dogs Medium 11-22kg Flea Heart Worm Chew Yellow 6pk,spectrum-for-dogs-medium-11-22kg-flea-heart-worm-chew-yellow-6pk,,,
Interceptor Spectrum Broad Spectrum Worming Chew for Large Dogs (22-45kg) 6PK,pectrum-broad-spectrum-worming-chew-for-large-dogs--22-45kg--6pk,,,
Nexgard for Dogs Medium 4-10kg Flea Tick Monthly Chew Blue Merial 3 Pack,for-dogs-medium-4-10kg-flea-tick-monthly-chew-blue-merial-3-pack,,,
Revolution for Dogs 10.1-20kg 6 Pk +Cannex All Wormer Flea Prevention Zoetis,r-dogs-10-1-20kg-6-pk--cannex-all-wormer-flea-prevention-zoetis-,,,
Revolution for Dogs (20.1-40kg)6Pk Flea Wormer Spot On Prevention Zoetis Green,-dogs--20-1-40kg-6pk-flea-wormer-spot-on-prevention-zoetis-green,,,
Revolution for Dogs (5.1-10kg) 6Pk Flea Worming Spot On Prevention Zoetis Brown,dogs--5-1-10kg--6pk-flea-worming-spot-on-prevention-zoetis-brown,,,
84pcs Genuine Petlife Puppy Dog Cat Toilet Training Wee Pee Pads 57x57 White,e-petlife-puppy-dog-cat-toilet-training-wee-pee-pads-57x57-white,,,
336pcs Genuine Petlife Puppy Dog Cat Toilet Training Pee Wee Pads 57X57 White,e-petlife-puppy-dog-cat-toilet-training-pee-wee-pads-57x57-white,,,
Revolution for Dogs 20.1-40kg6Pk Flea Wormer Spot On Prevention Zoetis Green,or-dogs-20-1-40kg6pk-flea-wormer-spot-on-prevention-zoetis-green,,,
Revolution for Cats 2.6-7.5kg 2x6 Pk Flea Worming Spot On Zoetis Blue,ution-for-cats-2-6-7-5kg-2x6-pk-flea-worming-spot-on-zoetis-blue,,,
Frontline Original for Dogs 20-40kg 4 Pk Flea Tick Spot On Prevention Merial L,inal-for-dogs-20-40kg-4-pk-flea-tick-spot-on-prevention-merial-l,,,
Merial Frontline Original Large Dog (20-40kg) 4 Pk Flea Tick Spot On Prevention,e-original-large-dog--20-40kg--4-pk-flea-tick-spot-on-prevention,,,
Revolution Puppy & Kitten up to 2.5kgs 15pk,DHR0030,,,
Heartgard Plus For Small Dogs 0-11kg 6 Pack  ,DHH0020,,,
Drontal for Dogs 10kg Chewable x 2 Chews,DHD0100,,,
Drontal for Dogs 10kg Chewable x 5 Chews,DHD0120,,,
Drontal for Dogs 35kg Chewable x 2 Chews,DHD0140,,,
Heartgard Plus For Medium Dogs 12-22kg 6 Pack,DHH0040,,,
Vets All Natural Health Chew Multivitamin with Prebiotics 270g,DHV7120,,,
Vets All Natural Health Chew Skin Support 270G,DHV7125,,,
Vets All Natural Health Chew Joint Support 270g,DHV7130,,,
Vets All Natural Omega Blend 500mL,DHV7065,,,
Vets All Natural Complete Mix Puppy 1KG,DFV0010,,,
,,,,
Vets All Natural Complete Mix Puppy 5KG,DFV0015,,,
Vets All Natural Complete Mix Puppy 15KG,DFV0020,,,
Vets All Natural Complete Mix for Adult/Senior Dogs 1KG,DFV0030,,,
Vets All Natural Complete Mix for Adult/Senior Dogs 5KG,DFV0035,,,
Vets All Natural Complete Mix for Adult/Senior Dogs 15KG,DFV0040,,,
Vets All Natural Complete Mix for Weight Loss 1KG,DFV0050,,,
Vets All Natural Complete Mix for Weight Loss 5KG,DFV0055,,,
Vets All Natural Complete Mix for Weight Loss 15KG,DFV0060,,,
Vets All Natural Complete Mix for Sensitive Skin 1KG,DFV0070,,,
Vets All Natural Complete Mix for Sensitive Skin 5KG,DFV0075,,,
Vets All Natural Complete Mix for Sensitive Skin 15KG,DFV0080,,,
Vets All Natural Complete Mix for Cats/Kittens 1KG,CFV0010,,,
Vets All Natural Complete Mix for Cats/Kittens 5KG,CFV0015,,,
Heartgard Plus For Large Dogs 23-45kg Brown x 12 Chewables (2x6 Pack),DHH0210,,,
Heartgard Plus For Medium Dogs 12-22kg Green x 12 Chewables (2x6 Pack),DHH0205,,,
Heartgard Plus For Small Dogs 0-11kg Blue x 12 Chewables (2x6 Pack),DHH0200,,,
Heartgard Plus For Large Dogs 23-45kg Brown 6 Pack  ,DHH0060,,,
PETLIFE SHINY CAT BRUSH,9030,,,
Petlife Nail Scissors Cat,9046,,,
Petlife Jewels Collar Passion Purple XS,17222,,,
Petlife Jewels Collar Passion Purple XXL,17227,,,
KONG BraidZ Tiger Small,DAK3940,,,
Petlife Sports Ball Large,17630,,,
Beau Pets Car Harness Small,DAB0320,,,
Beau Pets Car Harness Medium,DAB0340,,,
Beau Pets Car Harness Large,DAB0360,,,
Beau Pets Car Harness Extra Large,DAB0380,,,
Interceptor Chews for Dogs Large 22-45kgs 6pk + 1 Free Chew  ,DHI0215,,,
Interceptor Chews for Dogs Medium 11-22kgs 6pk + 1 FREE CHEW,DHI0210,,,
Interceptor Chews for Dogs Small 4-11kgs 6pk + 1 FREE CHEW,DHI0205,,,
Interceptor Chews for Dogs XS 0-4kgs 6pk +1 FREE CHEW,DHI0200,,,
HoundHouse Kennel Small Green,DAH1020,,,
HoundHouse Kennel Medium Green,DAH1040,,,
HoundHouse Kennel Large Green,DAH1060,,,
HoundHouse Kennel Extra Large Green,DAH1080,,,
HoundHouse Kennel Small Blue,DAH1021,,,
HoundHouse Kennel Medium Camo,DAH1042,,,
HoundHouse Kennel Large Camo,DAH1062,,,
HoundHouse Kennel Extra Large Camo,DAH1082,,,
HoundHouse Kennel Large Blue,DAH1061,,,
HoundHouse Kennel Extra Large Blue,DAH1081,,,
Fidos Pernaease Powder 125G,DHF1320,,,
KONG Goodie Bone Extreme,DAK4170,,,
EVERLASTING TREAT BALL SMALL 17G,DAE0320,,,
EVERLASTING TREAT BALL MEDIUM 51G,DAE0340,,,
EVERLASTING TREAT BALL LARGE 100G,DAE0360,,,
EVERLASTING CHEW BALL MEDIUM,DAE0380,,,
EVERLASTING CHEW BALL MED/LGE,DAE0400,,,
EVERLASTING CHEW BALL LARGE,DAE0420,,,
EVERLASTING FIRE PLUG SMALL,DAE0440,,,
EVERLASTING FIRE PLUG MEDIUM,DAE0460,,,
EVERLASTING FIRE PLUG LARGE,DAE0480,,,
EVERLASTING BENTO BALL SMALL,DAE0500,,,
EVERLASTING BENTO BALL MEDIUM,DAE0520,,,
EVERLASTING BENTO BALL LARGE,DAE0540,,,
Fido's Herbal Shampoo 5Ltr,DGF0680,,,
Bio-Hoof Care and Repair 1.2KG,HGI0020,,,
AH D-Scour Paste 30G,HGI0050,,,
Flints Medicated Oil 200ml,HGI0060,,,
Flints Medicated Oil 500ml,HGI0065,,,
KA Cleanes and Flushes 500G,DHK0040,,,
Livamol 2KG,DHL0120,,,
Livamol for Horses 10KG,DHL0140,,,
Livamol Glo 750ML,HGL0020,,,
Livamol Suds 750ML,HGL0040,,,
Livamol Blu 750ML,HGL0050,,,
Livamol 20KG,DHL0180,,,
Protexin Paste 30G,DHP4160,,,
Sootha Nerves and Stress 450G,HGI0125,,,
Mecaworma and Bot 33G,HGI0105,,,
Protexin Powder 125G,DHP4110,,,
Protexin Powder 250g,DHP4120,,,
Protexin Powder 1kg,DHP4140,,,
Bravecto Very Small Dog Yellow 2-4.5KG ,DHB2000,,,
Bravecto Small Dog Orange 4.5-10KG,DHB2005,,,
Bravecto Medium Dog Green 10-20KG,DHB2010,,,
Bravecto Large Dog Blue 20-40KG,DHB2015,,,
Bravecto Very Large Dog Purple 40-56KG,DHB2020,,,
Houndhouse Mat Small Green,DAH1100,,,
Houndhouse Clear Flap Small,DAH1180,,,
Houndhouse Clear Flap Medium,DAH1200,,,
Houndhouse Clear Flap Large,DAH1220,,,
Houndhouse Clear Flap Extra Large,DAH1240,,,
" Natural Animal Solutions Omega 3,6 & 9 Oil for Dogs 500ml",DHN3005,,,
"Natural Animal Solutions Omega 3,6 & 9 Oil for Dogs 1.1L",DHN3010,,,
Natural Animal Solutions SKIN PACK 50G,DHN3040,,,
Natural Animal Solutions Osteoforte 60 Capsules,DHN3045,,,
"Natural Animal Solutions Calm for Cats, Kittens, Dogs and Puppies 15mL",DHN3050,,,
Natural Animal Solutions Calm for Cats and Dogs 100mL,DHN3055,,,
Natural Animal Solutions Traveleze for Dogs and Cats 100mL,DHN3060,,,
Natural Animal Solutions Respraeze for Dogs and Cats 100ml ,DHN3065,,,
Natural Animal Solutions Eye Clear for Cats and Dogs 15ml,DHN3070,,,
Natural Animal Solutions Ear Clear for Cats and Dogs 50ml,DHN3075,,,
Natural Animal Solutions Ithcy Scratch for Dogs and Cats 100ml,DHN3080,,,
Natural Animal Solutions Dermal Cream For Dogs 60g,DHN3085,,,
Natural Animal Solutions Dermal Oil For Dogs And Cats 100ml,DHN3090,,,
Natural Animal Solutions Digestavite Plus For Dogs And Cats 100g,DHN3095,,,
Natural Animal Solutions Organic Seaweed For Dogs And Cats 300g,DHN3100,,,
Natural Animal Solutions High Potency Vitamin C For Dogs And Cats 100g,DHN3105,,,
Natural Animal Solutions Natures Organic Calcium For Dogs And Cats 200g,DHN3110,,,
Natural Animal Solutions Goat Milk Powder For Dogs And Cats 400g,DHN3115,,,
Natural Animal Solutions Herbaguard Powder For Cats And Dogs 65g,DHN3200,,,
Natural Animal Solutions Normal Herbal Shampoo For Dogs And Cats 375ml,DHN3205,,,
Natural Animal Solutions Herbal Conditioner For Dogs And Cats 375ml,DHN3210,,,
Natural Animal Solutions Herbaguard Shampoo For Dogs And Cats 375ml,DHN3215,,,
Sensitive Shampoo For Dogs And Cats 375ml,DHN3220,,,
"Natural Animal Solutions Omega 3,6 & 9 Oil For Dogs And Horses 5L",DHN3015,,,
Elizabethan Collar Opaque Size XXS 7.5cm,DAE0020,,,
Elizabethan Collar Opaque Size XS 10cm,DAE0040,,,
Elizabethan Collar Opaque Size S 12.5cm,DAE0060,,,
Elizabethan Collar Opaque Size M 15cm,DAE0080,,,
Elizabethan Collar Opaque Size L 20cm ,DAE0100,,,
Elizabethan Collar Opaque Size XL 25cm,DAE0120,,,
Elizabethan Collar Opaque Size XXL 30cm,DAE0140,,,
Kong Ballistic Football Medium ,DAK2930,,,
Kong Ballistic Firehose Sqwuggie Small ,DAK3000,,,
Kong Ballistic Firehose Sqwuggie Medium,DAK3002,,,
Kong Ballistic Firehose Sqwuggie Large,DAK3004,,,
Kong Ballistic Firehose Double Tug Small ,DAK3010,,,
Kong Ballistic Firehose Double Tug Medium,DAK3012,,,
Kong Ballistic Firehose Square Medium ,DAK3032,,,
Kong Ballistic Firehose Bottle Tracker Large,DAK3044,,,
Kong Ballistic Firehose Y Medium ,DAK3052,,,
Vets All Natural Complete Mix Grain/Gluten Free 800g ,DFV0090,,,
Vets All Natural Complete Mix Grain/Gluten Free 3kg,DFV0095 ,,,
Cazitel Allwormer For Dogs 10kg 4 Tablets,DHC0320,,,
Cazitel Allwormer For Dogs 35kg 2 Tablets,DHC0340,,,
PETLIFE Lounger Silver Small,9811,,,
PETLIFE Lounger Silver Medium,9813,,,
PETLIFE Lounger Silver Large,9815,,,
PETLIFE Lounger Latte Large,9814,,,
PETLIFE Lounger Latte Medium,9812,,,
PETLIFE Lounger Latte Small,9810,,,
PETLIFE Mattress Grey Large,9805,,,
PETLIFE Mattress Grey Medium,9804,,,
PETLIFE Mattress Grey Small,9803,,,
Vets All Natural Health Treats for Puppies 100g,DHV7100,,,
Vets All Natural Health Treat Adult 100G,DHV7105,,,
Vets All Natural Health Treat For Bones 100G,DHV7110,,,
Vets All Natural Health Treat Skin & Coat 100G,DHV7115,,,
Vets All Natural Skin & Coat Formula 1Kg,DHV7080,,,
Vets All Natural Skin & Coat Formula 250G,DHV7070,,,
Vets All Natural Skin & Coat Formula 500G,DHV7075,,,
Kong Easy Treat Liver Paste,DAK8030 ,,,
Kong Easy Treat Puppy Paste,DAK8010,,,
Kong Easy Treat Bacon and Cheese Paste,DAK8035,,,
Holistic Select Cat Adult & Kitten Chicken 1.36kgs,,,,
Kong Quest Wishbone Small,DAK4260,,,
Kong Quest Wishbone Large,DAK4265,,,
Kong Quest Star Pods Small,DAK4270,,,
Kong Quest Star Pods Large,DAK4275,,,
Kong Quest Critter Owl Small,DAK4284,,,
Kong Quest Critter Owl Large,DAK4286,,,
Kong Quest Critter Cow Small,DAK4280,,,
Kong Quest Critter Cow Large,DAK4282,,,
Calcium Powder Value Plus,DHV4400,,,
Kong Squeezz Ring with Handle Large,DAK5480,,,
Kong Squeezz Ring with Handle Medium,DAK5470,,,
Kong Squeezz Double Ball With Rope Large,DAK5460,,,
Kong Squeezz Double Ball With Rope Medium,DAK5450,,,
Kong Squeezz Jels Koala Large,DAK5440,,,
Kong Squeezz Jels Koala Medium,DAK5410,,,
Kong Squeezz Jels Hippo Large,DAK5430,,,
Kong Squeezz Jels Hippo Medium,DAK5400,,,
Kong Squeezz Jels Frog Large,DAK5420,,,
Kong Squeezz Jels Frog Medium,DAK5390,,,
Kong Squeezz Stick Large,DAK5380,,,
Kong Squeezz Stick Medium,DAK5370,,,
Kong Squeezz Ring Large ,DAK5360,,,
Kong Squeezz Ring Medium,DAK5350,,,
Kong Squeezz Dumbbell Large,DAK5340,,,
Kong Squeezz Dumbbell Medium,DAK5330,,,
Kong Squeezz Bone Large,DAK5320,,,
Kong Squeezz Bone Medium,DAK5310,,,
Kong Squeezz Ball Extra Large,DAK5300,,,
Kong Squeezz Ball Large,DAK5290,,,
Kong Squeezz Ball Extra Medium,DAK5280,,,
Capstar Flea Tablets for Small Dogs and Cats Up To 11Kg 6Tablets,DHC1020,,,
Black Hawk Holistic Chicken & Rice Feline 10KG,CPB0030,,,
Advocate Small Cats Orange 0-4kg 1 Pack,CHA0110,,,
Advocate Large Cat Purple Over 4kg 1 Pack,CHA0150,,,
Advocate Green Small Dogs 0-4kg 1 Pack,DHA1010,,,
Advocate Blue Medium Dog 4-10kg 1 Pack,DHA1030,,,
Advocate Red Large Dogs 10-25kg 1 Pack,DHA1070,,,
Advocate Grey Extra Large Dogs Over 25kg 1 Pack,DHA1110,,,
Advantage Orange Small Cats 0-4kg 1 Pack,CHA0010,,,
Advantage Purple Large Cats Over 4kg 1 Pack,CHA0050,,,
Advantage Green Small Dogs 0-4kg 1 Pack,DHA0010,,,
Advantage Blue Medium Dogs 4-10kg 1 Pack,DHA0050,,,
Advantage Red Large Dogs 10-25kg 1 Pack,DHA0090,,,
Advantage Grey Extra Large Dogs Over 25kg 1 Pack,DHA0130,,,
Love Em Liver Chews Single Pack,DTL1160,,,
Love Em Chicken Liver 90G,DTL1140,,,
Love Em Liver Sprinkles 100G,DTL1220,,,
Love Em Liver Cookies Joint Care 430g,DTL1320,,,
Love Em Liver Cookies Wheat Free 430g,DTL1300,,,
Hoof Grease 1kg,HGE0302,,,
Hoof Grease 400g,HGE0300,,,
Hoof Lube-Black,HGE0332,,,
Liniment,HHE0222,,,
Pure Raw Linseed Oil 1ltr,HHE0212,,,
Pure Raw Linseed Oil 500ml,HHE0210,,,
Showsilk Protein Conditioner 1ltr,HGE0232,,,
Showsilk Protein Conditioner 500ml,HGE0230,,,
Showsilk Hair Polish 1ltr,HGE0262,,,
Showsilk Hair Polish 5ltr,HGE0266,,,
Showsilk Mighty Bright 250ml,HGE0242,,,
Showsilk Shampoo Concentrate 500ml,HGE0218,,,
Showsilk Shampoo Concentrate 2.5ltr,HGE0222,,,
Showsilk Shampoo Concentrate 5ltr,HGE0224,,,
Showsilk Shampoo Concentrate 20ltr,HGE0226,,,
Pure Stockholm Tar 1ltr,HHE0202,,,
Advantix For Dogs Large 10-25Kg 1 Pack,DHA2090,,,
Advantix For Dogs Medium 4-10Kg 1 Pack,DHA2050,,,
Advantix For Puppies and Small Dogs Up To 4Kg 1 Pack,DHA2010,,,
Advantix For Dogs X-Large Over 25Kg 1 Pack,DHA2130,,,
Equinade Heavy Duty Disinfectant Cleaner Frutiy 5Ltr,HAE0040,,,
Equinade Heavy Duty Disinfectant Cleaner Lavender 5Ltr,HAE0050,,,
Equinade Showsilk Glo-Bay Shampoo 500ml,HGE0018,,,
Equinade Showsilk Glo-Bay Shampoo 1ltr,HGE0020,,,
Equinade Showsilk Glo-Black Shampoo 500ml,HGE0138,,,
Equinade Showsilk Glo-White Shampoo 500ml,HGE0098,,,
Equinade Hoof Grease 1kg,HGE0334,,,
Equinade Pure Raw Linseed Oil 2.5ltr,HHE0214,,,
Equinade Pure Raw Linseed Oil 5ltr,HHE0216,,,
Equinade Showsilk Glo-Chestnut Shampoo 500ml,HGE0042,,,
Equinade Showsilk Glo-Chestnut Shampoo 1ltr,HGE0044,,,
Equinade Showsilk Protein Conditioner 2.5ltr,HGE0234,,,
Equinade Showsilk Protein Conditioner 5ltr,HGE0236,,,
Ivory Coat Grain Free Turkey Duck 13kg,DFI1020,,,
Ivory Coat Grain Free Turkey Duck 8kg,DFI1015,,,
Ivory Coat Grain Free Turkey Duck 2kg,DFI1010,,,
Ivory Coat Grain Free Lamb Kangaroo 2kg,DFI1025,,,
Ivory Coat Grain Free Lamb Kangaroo 8kg,DFI1030,,,
Ivory Coat Grain Free Lamb Kangaroo 13kg,DFI1035,,,
Ivory Coat Grain Free Venison 2kg,DFI1040,,,
Ivory Coat Grain Free Venison 13kg,DFI1045,,,
Ivory Coat Grain Free Chicken Puppy Food 2kg,DFI1000,,,
Ivory Coat Grain Free Chicken Puppy Food 8kg,DFI1005,,,
Ivory Coat Dog Food Senior Fat Reduced Turkey 2kg,DFI1050,,,
Ivory Coat Dog Food Senior/Fat Reduced Turkey 8kg,DFI1055,,,
Dermcare Pyohex Medicated Conditioner 200ml ,DGP0140,,,
Ivory Coat Dog Food Senior Fat Reduced Turkey 13kg,DFI1060,,,
Ivory Coat Sensitive Shampoo 500ml,DGI1000,,,
Ivory Coat Glossy Coat Shampoo 500ml,DGI1010,,,
Ivory Coat Sensitive Conditioner 500ml,DGI1015,,,
Ivory Coat Detangling Grooming Spray 120ml,DGI1020,,,
Ivory Coat Deodorising Fragrance 120ml,DGI1025,,,
Ivory Coat Puppy Shampoo 500ml,DGI1005,,,
Ivory Coat Duck Liver Treats 300g,DTI1020,,,
Ivory Coat Succulent Duck Treats 300g,DTI1005,,,
Ivory Coat Roast Lamb Treats 300g,DTI1015,,,
Ivory Coat Peanut Butter Treats 300g,DTI1010,,,
Kramar Wire Crate Small,25194,,,
Ivory Coat Kangaroo Treats 300g,DTI1000,,,
Kramar Wire Crate Medium,25195,,,
Kramar Wire Crate Large,25196,,,
Kramar Wire Crate Extra Large,25197,,,
Kramar Wire Crate Extra Extra Large,25198,,,
Kong Wild Knot Bear Extra Small,DAK5745,,,
Kong Wet Wubba Extra Large,DAK3380,,,
Kong Wet Wubba Large,DAK3370,,,
Kong Scrunch Knots Squirrel Small,DAK5780,,,
Kong Aqua Medium,DAK5230,,,
Kong Aqua Large,DAK5240,,,
Kong Training Dummy Large,DAK8230,,,
Kong Training Dummy Extra Large,DAK8232,,,
Kong Ball with Rope Small ,DAK5050,,,
Kong Bounzer Medium,DAK3710,,,
Kong Bounzer Large,DAK3720,,,
Kong Bounzer Extra Large,DAK3730,,,
Kong Jumbler Ball Medium/Large,DAK2882,,,
Kong Jumbler Ball Large/Extra Large,DAK2884,,,
Kong Jumbler Football Medium/Large,DAK2892,,,
Kong Jumbler Football Large/Extra Large,DAK2894,,,
Kong Braidz Giraffe Small ,DAK3910,,,
Kong Braidz Giraffe Large,DAK3930,,,
KONG BraidZ Tiger Large,DAK3960,,,
KONG Braidz Zebra Small,DAK4000,,,
KONG Braidz Zebra Large,DAK4020,,,
Kong Floppy Ear Wubba Small,DAK3640,,,
Kong Floppy Ear Wubba Large,DAK3650,,,
Kong Floppy Ear Wubba Extra Large,DAK3660,,,
Kong Snugga Wubba Small,DAK3310,,,
Kong Snugga Wubba Large,DAK3320,,,
Kong Snugga Wubba Extra Large,DAK3330,,,
Kong Tugga Wubba Small,DAK3390,,,
Kong Tugga Wubba Large,DAK3400,,,
Kong Tugga Wubba Extra Large,DAK3410,,,
Natural Animal Solutions Traveleze 15ml,DHN3058,,,
Black Hawk Holistic Puppy Formula Chicken and Rice 20kg,DPB0014 ,,,
Black Hawk Dog Adult Large Breed Chicken and Rice 20kg,DPB0180 ,,,
Black Hawk Large Breed Puppy Formula Chicken and Rice 20kg,DPB0054 ,,,
Black Hawk Dog Grain Free Chicken 20kg,DPB0320 ,,,
Black Hawk Feline Seafood and Rice 20kg,CPB0130,,,
Black Hawk Holistic Puppy Formula Chicken and Rice 3kg,DPB0010,,,
Black Hawk Holistic Puppy Formula Chicken and Rice 10kg,DPB0012,,,
Black Hawk Large Breed Puppy Formula Chicken and Rice 10kg,DPB0052,,,
Black Hawk Dog Grain Free Chicken 3kg,DPB0310,,,
 Greenies Freshmint Dog Treat 340g Large,DTG0276 ,,,
 Greenies Freshmint Dog Treat 340g Regular,DTG0274 ,,,
 Greenies Freshmint Dog Treat 340g Petite,DTG0272 ,,,
 Greenies Freshmint Dog Treat 340g Teenie,DTG0270 ,,,
IAMS Dog Medium Chunks 18kg,DPI0261 ,,,
IAMS Dog Adult Large Breed Chunks 18kg,DPI0321 ,,,
Sustenhance CoolChick 100g,BHS0150,,,
Sustenhance Poultry Tummy Aid 100g,BHS0140,,,
Sustenhance Perfect Poultry 900g,BHS0100,,,
Sustenhance Perfect Poultry 10kg,BHS0110,,,
Sustenhance Multi & More Dog 200g,DHS1500,,,
Sustenhance Multi & More Cat 200g,CHS0100,,,
Sustenhance Fibre & More 200g,DHS1510,,,
Sustenhance Equi-Complete 2kg,HHS0010,,,
Sustenhance Equi-Complete 10kg,HHS0020,,,
Sustenhance Equi Omega Boost 5ltr,HHS0030,,,
Sustenhance Equi Omega Boost 20ltr,HHS0040,,,
Sustenhance Molicious 2kg,HHS0050,,,
Advance Kitten Plus Growth Breeder Bag 20kg,CPA0080,,,
Advance Adult Cat Total Wellbeing Breeder Bag 20kg Chicken,CPA0160,,,
Advance Adult Dog Active Chicken Breeder Bag 20kg,DPA0780,,,
Advance Puppy Plus Growth Chicken Large Breed Plus Breeder Bag 20kg,DPA0240,,,
Advance Puppy Plus Growth Chicken All Breed Breeder Bag 20kg,DPA0140,,,
Advance Adult Total Wellbeing All Breed Chicken Breeder Bag 20kg,DPA0340,,,
Advance Adult Total Wellbeing Large Breed Plus Chicken Breeder Bag 20kg,DPA0360,,,
Advance Adult Dog Lamb & Rice Breeder Bag 20kg,DPA0590,,,
Advantix 4-10Kg 12 Pack ,BUNDLE_1,,,
Advance Adult Dog Active Chicken 18kg,DPA0760,,,
Advance Adult Weight Control All Breed - Chicken 15kg,DPA0860,,,
Advance Adult Weight Control Large Breed - Chicken 15kg,DPA0965,,,
Advance Puppy Plus Growth Chicken All Breed 18kg,DPA0120,,,
Advance Puppy Plus Growth Chicken Large Breed Plus 18kg,DPA0220,,,
Advance Adult Dog Lamb 18kg,DPA0585,,,
Advance Adult Total Wellbeing Large Breed Plus Chicken 18kg,DPA0700,,,
Eukanuba Puppy Chicken Large Breed 3kg,,,,
Felisorb Hemp Pellet Cat Litter 5kg,CLF0120,,,
Felisorb Hemp Pellet Cat Litter 10kg,CLF0140 ,,,
Ivory Coat Ocean Fish and Salmon 2kg,DFI1070 ,,,
Ivory Coat Ocean Fish and Salmon 13kg,DFI1080 ,,,
Kitter Wood Pellet Cat litter 15kg,CLK0025,,,
Kitter Wood Pellet Cat litter 10kg,CLK0020,,,
Kitter Wood Pellet Cat litter 5kg,CLK0015,,,
Catlux Cat Litter Crystals 6kg,CLC1120,,,
Catsan Cat Litter Crystals 6kg,CLC0040,,,
Catsan Cat Litter Crystals 2kg,CLC0020I,,,
Catsan Ultra Clumping Cat Litter 15kg,CLC0140,,,
Catsan Clumping Clay Cat Litter 7kg,CLC0120I ,,,
Catlux Light Clumping Cat Litter 6ltr,CLC1020,,,
Catlux Light Clumping Cat Litter 24ltr,CLC1040,,,
Kitter Wood Litter Tray Pack - Beige,CAK4010,,,
Kitter Wood Litter Tray Pack - Blue,CAK4015,,,
Kitter Wood Litter Tray Pack - Green,CAK4020,,,
Kitter Wood Litter Tray Pack - Pink,CAK4025,,,
Pro Plan Puppy Medium Chicken & Rice ,Proplanmedpup,1,1,1
Pro Plan Medium Adult Chicken & Rice,Proplanmedadult,1,1,1
Pro Plan Puppy Small Breed ,Proplansmallbreed,1,1,1
Pro Plan Adult Sensitive Digestion,Proplansensdigest,1,1,1
Pro Plan Puppy Sensitive Digestion,Proplanpuppysensdigest,1,1,1
Pro Plan Adult Light/Sterilised ,Proplanadultlight,1,1,1
Pro Plan Adult Small & Mini Breed ,Proplansmallbreedadult,1,1,1
Pro Plan Fussy And Beauty Small Breed 2.5kg,DPP0318,,,
SavourLife Beef Flavour Biscuit 500g,DTS4000I,,,
SavourLife Chicken Flavour Biscuit 500g,DTS4002I,,,
Hills Science Diet Puppy Small & Toy 1.5kg,DPS0005,,,
Hills Science Diet Puppy Small Bites ,puppysmallbites,1,1,1
Hills Science Diet Canine Puppy ,sciencedietpuppy,1,1,1
Hills Science Diet Puppy Large Breed,sciencedietpuppylargebreed,1,1,1
Hills Science Diet Adult Small & Toy 1.5kg,DPS0185,,,
Hills Science Diet Adult Small Bites,adultsmallbites,1,1,1
Hills Science Diet Adult Advanced Fitness,sciencedietadult,1,1,1
SavourLife Kangaroo Strips 165g,DTS4010I,,,
SavourLife Liver Strips 165g,DTS4012I,,,
SavourLife Beef Strips 165g,DTS4014I,,,
SavourLife Milky Strips 150g,DTS4018I,,,
SavourLife Lamb Strips 165g,DTS4020I,,,
SavourLife Wild Boar Roo Strips 165g,DTS4022I,,,
SavourLife Duck Strips 150g,DTS4024I,,,
SavourLife Kangaroo Training Treats 165g,DTS4100I,,,
SavourLife Chicken Training Treats 165g,DTS4105I,,,
Hill's Science Diet Adult Large Breed ,Adultlargebreed,1,1,1
Hill's Science Diet Adult Light ,adultdoglight,1,1,1
Hill's Science Diet Adult Light Large Breed,AdultLightlarge,1,1,1
Hill's Science Diet Adult Sensitive Stomach ,Sensitivestomach,1,1,1
Hill's Science Diet Adult Sensitive Skin,sensitiveskin,1,1,1
Hill's Science Diet Mature Active Longevity ,Sciencedietmature,1,1,1
Hill's Science Diet Mature Large Breed 12kg,DPS0795,,,
Hill's Science Diet Adult Healthy Mobility 12kg,DPS0355,,,
Hill's Science Diet Mature Small Bites 2kg ,DPS0705,,,
Hill's Science Diet Mature Small & Toy Breed 1.5kg,DPS0685,,,
Greenies Dental Chews Blueberry Teenie 340g,DTG0280,,,
Greenies Dental Chews Blueberry Petite 340g,DTG0282,,,
Greenies Dental Chews Blueberry Regular 340g,DTG0284,,,
Greenies Dental Chews Blueberry Large 340g,DTG0286,,,
Hill's Science Diet Perfect Weight Small & Toy ,Sciencedietperfectweightsmall,1,1,1
Hill's Science Diet Healthy Mobility Small Bites,Healthymobilitysmall,1,1,1
Hill's Science Diet Adult Healthy Mobility Large Breed,sciencediethealthymobilitylargebreed,1,1,1
Hill's Science Diet Feline Kitten ,Sciencedietfelinekitten,1,1,1
Hill's Science Diet Feline Adult Original ,sciencedietcatadult,1,1,1
Hill's Science Diet Feline Adult Hairball Control,hairballcontroladult,1,1,1
Hill's Science Diet Adult Feline Indoor,sciencedietindoor ,1,1,1
Hill's Science Diet Feline Adult Tender Dinner Tuna Cans,sciencedietuna,1,1,1
Hill's Science Diet Feline Adult Tender Dinner Chicken Cans,sciencedietchickencans,1,1,1
Hill's Science Diet Adult Feline Light,Sciencedietfelinelight,0,0,0
Hill's Science Diet Feline Perfect Weight,sciencedietfelineperfectweight,1,1,1
Hill's Science Diet Feline Adult Oral Care,sciencedietfelineoralcare,1,1,1
Hill's Science Diet Feline Adult Sensitive Skin & Stomach,sciencedietfelinesensskin,1,1,1
Hill's Science Diet Feline Mature,sciencedietfelinemature,1,1,1
Hill's Science Feline Age Defying 11+,sciencedietfelineagedefying,0,0,0
Hill's Science Diet Feline Mature Hairball,sciencedietmaturehairball,0,0,0
Pro Plan Puppy Large Breed,proplanpuppylarge,1,1,1
Pro Plan Adult Senstive Skin & Stomach,proplansenstom,1,1,1
Pro Plan Adult Performance,proplanperformance,1,1,1
Pro Plan Puppy Sensitive Skin & Stomach,Proplanpuppysenstivestomach,1,1,1
Pro Plan Feline Adult Salmon,Proplanadultsalmon,1,1,1
Pro Plan Feline Adult Chicken ,proplanadultchicken,1,1,1
Pro Plan Feline Kitten,proplankitten,1,1,1
Pro Plan Feline Mature 7+,proplanfelinemature,1,1,1
Pro Plan Feline Adult Housecat,proplanfelinehousecat,1,1,1
Pro Plan Feline Adult Delicate,proplandelicate,1,1,1
Pro Plan Feline Adult Weight Loss/Sterilised,proplanfelineweight,1,1,1
Pro Plan Feline Adult Derma Plus,CPP0292,,,
Pro Plan Feline Adult Derma Plus,CPP0294,,,
Hill's Science Diet Feline Light,hillssciencedietfelinelight,1,1,1
Advantage Seresto Flea And Tick Collar For Dogs Over 8kgs ,DHA0215,,,
Advantage Seresto Flea And Tick Collar For Dogs Under 8kg,DHA0210,,,
Advantage Seresto For Kittens And Cats,CHA0095,,,